{
    "mechanism_template_name": "FourBarLinkage_TypeA",
    "variation_id": "03e166ac0e",
    "parameters": {
        "r_O2A": 1.2,
        "r_AB": 2.0,
        "r_O4B": 2.5,
        "O4_x": 2.0,
        "O4_y": -0.5,
        "output_joint_name": "B",
        "input_revolutions": 1,
        "num_steps": 180
    },
    "output_joint_name": "B",
    "path_xy_coordinates": [
        [
            1.5775280898876523,
            1.9640449438202225
        ],
        [
            1.6907059371815238,
            1.9807936598405704
        ],
        [
            1.7978140211504732,
            1.9918107532388194
        ],
        [
            1.897929127871404,
            1.997915438333107
        ],
        [
            1.9904399865695421,
            1.9999817211618147
        ],
        [
            2.075012060640662,
            1.998874384749748
        ],
        [
            2.1515414725831277,
            1.995402809585525
        ],
        [
            2.2201060094498377,
            1.9902918191657908
        ],
        [
            2.2809186594485737,
            1.984166803331373
        ],
        [
            2.3342868132978305,
            1.9775496617535602
        ],
        [
            2.380578461376534,
            1.9708622047245512
        ],
        [
            2.4201954972695474,
            1.9644341630634807
        ],
        [
            2.453553522818864,
            1.958513616383107
        ],
        [
            2.48106720976408,
            1.953278284192385
        ],
        [
            2.5031401804541766,
            1.948846658901489
        ],
        [
            2.5201584219459034,
            1.9452883707406543
        ],
        [
            2.5324863708890204,
            1.9426334691921885
        ],
        [
            2.5404649544210636,
            1.9408805036385552
        ],
        [
            2.544411017836648,
            1.940003410576817
        ],
        [
            2.5446176996174144,
            1.9399572867742583
        ],
        [
            2.5413554236752574,
            1.940683163637161
        ],
        [
            2.534873266090581,
            1.942111911688109
        ],
        [
            2.525400522854909,
            1.944167402319513
        ],
        [
            2.5131483569355875,
            1.9467690458531155
        ],
        [
            2.4983114423251895,
            1.9498338119979315
        ],
        [
            2.48106955132121,
            1.953277825019703
        ],
        [
            2.461589051924878,
            1.9570176122800202
        ],
        [
            2.440024296844119,
            1.9609710721726075
        ],
        [
            2.416518895685616,
            1.9650582162631927
        ],
        [
            2.391206868873959,
            1.969201730469695
        ],
        [
            2.3642136858511704,
            1.9733273926366417
        ],
        [
            2.3356571937236907,
            1.9773643753889028
        ],
        [
            2.3056484430461395,
            1.9812454593218864
        ],
        [
            2.2742924191491176,
            1.9849071751143363
        ],
        [
            2.241688687028461,
            1.9882898904058446
        ],
        [
            2.207931957941695,
            1.9913378536434585
        ],
        [
            2.173112585433667,
            1.9939992046694148
        ],
        [
            2.1373169980267432,
            1.9962259597593732
        ],
        [
            2.100628075256865,
            1.9979739771641483
        ],
        [
            2.0631254731606137,
            1.999202907879137
        ],
        [
            2.0248859047491408,
            1.9998761353016135
        ],
        [
            1.985983380460249,
            1.9999607065858003
        ],
        [
            1.9464894130706287,
            1.9994272578275707
        ],
        [
            1.9064731910816266,
            1.9982499346713434
        ],
        [
            1.8660017241660494,
            1.9964063095038422
        ],
        [
            1.8251399638801935,
            1.9938772960611595
        ],
        [
            1.7839509025029647,
            1.9906470620093062
        ],
        [
            1.742495652560194,
            1.9867029398501543
        ],
        [
            1.700833509324235,
            1.9820353363430854
        ],
        [
            1.65902199834358,
            1.9766376405087758
        ],
        [
            1.6171169098516611,
            1.9705061301880225
        ],
        [
            1.5751723217257758,
            1.9636398770583545
        ],
        [
            1.5332406125116331,
            1.9560406499641116
        ],
        [
            1.491372465886278,
            1.947712816405283
        ],
        [
            1.449616867828603,
            1.9386632419866499
        ],
        [
            1.4080210976768697,
            1.9289011876043136
        ],
        [
            1.3666307141398069,
            1.918438204218882
        ],
        [
            1.3254895372705602,
            1.9072880250456694
        ],
        [
            1.2846396273540481,
            1.8954664550097688
        ],
        [
            1.244121261600487,
            1.8829912573568397
        ],
        [
            1.2039729094911253,
            1.8698820373508036
        ],
        [
            1.164231207581358,
            1.8561601230356157
        ],
        [
            1.1249309345291052,
            1.841848443090528
        ],
        [
            1.0861049870815802,
            1.8269714018657952
        ],
        [
            1.0477843577198198,
            1.8115547517476958
        ],
        [
            1.0099981146265469,
            1.7956254630672124
        ],
        [
            0.9727733846077202,
            1.7792115918346671
        ],
        [
            0.9361353395605767,
            1.7623421456519828
        ],
        [
            0.9001071870400457,
            1.7450469482236783
        ],
        [
            0.8647101654303572,
            1.7273565029557925
        ],
        [
            0.8299635441788776,
            1.7093018561971483
        ],
        [
            0.7958846294941982,
            1.6909144607380093
        ],
        [
            0.7624887758501948,
            1.6722260402355835
        ],
        [
            0.7297894035720662,
            1.6532684552822912
        ],
        [
            0.6977980227097171,
            1.6340735718695556
        ],
        [
            0.6665242633286594,
            1.6146731330256388
        ],
        [
            0.6359759122698663,
            1.595098634419327
        ],
        [
            0.606158956348609,
            1.5753812047210856
        ],
        [
            0.577077631879672,
            1.5555514914988222
        ],
        [
            0.5487344803337972,
            1.5356395533963405
        ],
        [
            0.5211304098494649,
            1.515674759298903
        ],
        [
            0.49426476224671756,
            1.4956856951326063
        ],
        [
            0.46813538511747077,
            1.475700078873428
        ],
        [
            0.4427387085011323,
            1.4557446842591804
        ],
        [
            0.41806982559697903,
            1.4358452736050458
        ],
        [
            0.3941225769168424,
            1.4160265400229142
        ],
        [
            0.37088963724436597,
            1.396312059238822
        ],
        [
            0.34836260474117453,
            1.3767242510939695
        ],
        [
            0.3265320915262182,
            1.357284350705701
        ],
        [
            0.3053878150524705,
            1.338012389158111
        ],
        [
            0.2849186896147955,
            1.3189271834901208
        ],
        [
