{
    "mechanism_template_name": "FourBarLinkage_TypeA",
    "variation_id": "220d2f8d5c",
    "parameters": {
        "r_O2A": 1.2,
        "r_AB": 2.0,
        "r_O4B": 1.5,
        "O4_x": 3.0,
        "O4_y": 0.5,
        "output_joint_name": "B",
        "input_revolutions": 1,
        "num_steps": 180
    },
    "output_joint_name": "B",
    "path_xy_coordinates": [
        [
            2.169662357351979,
            1.7492155135187326
        ],
        [
            2.204040031523228,
            1.7713959763121134
        ],
        [
            2.2379076760156114,
            1.7919811491365274
        ],
        [
            2.2710261530596307,
            1.8109527567677506
        ],
        [
            2.303157377274392,
            1.8283110927613662
        ],
        [
            2.334069131397675,
            1.844074431808953
        ],
        [
            2.363539703472989,
            1.8582776928687343
        ],
        [
            2.3913621204450415,
            1.8709704342439242
        ],
        [
            2.4173477848071654,
            1.8822143090458407
        ],
        [
            2.4413293686587436,
            1.8920801434102077
        ],
        [
            2.4631628772432625,
            1.9006448170862222
        ],
        [
            2.482728854751862,
            1.9079881257645226
        ],
        [
            2.499932762122198,
            1.9141897883952652
        ],
        [
            2.5147046042356007,
            1.919326734353302
        ],
        [
            2.526997918756492,
            1.9234707693308617
        ],
        [
            2.536788259468875,
            1.9266866801909135
        ],
        [
            2.544071313912836,
            1.9290308020483122
        ],
        [
            2.548860790467795,
            1.9305500388182182
        ],
        [
            2.5511861965519764,
            1.9312813035090723
        ],
        [
            2.5510906109507516,
            1.9312513267856728
        ],
        [
            2.548628531379464,
            1.9304767727238712
        ],
        [
            2.543863856882142,
            1.9289645968008349
        ],
        [
            2.536868044796316,
            1.9267125821355717
        ],
        [
            2.527718464203671,
            1.9237099953803278
        ],
        [
            2.5164969539924087,
            1.91993831010413
        ],
        [
            2.503288582508101,
            1.9153719538457652
        ],
        [
            2.4881805983316703,
            1.9099790424243424
        ],
        [
            2.4712615562745412,
            1.9037220729641526
        ],
        [
            2.452620599916107,
            1.8965585531454834
        ],
        [
            2.4323468806554667,
            1.8884415493993405
        ],
        [
            2.410529093169397,
            1.8793201405041322
        ],
        [
            2.387255107881365,
            1.86913976539379
        ],
        [
            2.3626116821564884,
            1.8578424550816228
        ],
        [
            2.336684233859134,
            1.8453669367763426
        ],
        [
            2.309556660505858,
            1.8316486003104453
        ],
        [
            2.281311191577211,
            1.8166193056450899
        ],
        [
            2.2520282588943603,
            1.8002070121744098
        ],
        [
            2.2217863731146728,
            1.7823351944519594
        ],
        [
            2.1906619910487333,
            1.7629220036356337
        ],
        [
            2.1587293606175453,
            1.7418791049508053
        ],
        [
            2.1260603240244023,
            1.7191101028029614
        ],
        [
            2.0927240564090877,
            1.6945084186317405
        ],
        [
            2.058786708062551,
            1.6679544250875527
        ],
        [
            2.0243109041243796,
            1.6393115413228232
        ],
        [
            1.9893550319603863,
            1.6084208355038825
        ],
        [
            1.9539722059671674,
            1.5750934164597497
        ],
        [
            1.9182087283025648,
            1.5390994391710295
        ],
        [
            1.882101733196408,
            1.5001517210337476
        ],
        [
            1.8456754494824337,
            1.4578803850616926
        ],
        [
            1.8089349947107594,
            1.4117917268735298
        ],
        [
            1.7718554520027332,
            1.3611974043464081
        ],
        [
            1.7343611149981004,
            1.3050827366251756
        ],
        [
            1.6962817079752124,
            1.2418346278644516
        ],
        [
            1.6572448853529533,
            1.1685870939363694
        ],
        [
            1.6163384219144168,
            1.0792069037289018
        ],
        [
            1.570332079800052,
            0.9539269081512228
        ],
        [
            1.5081538124279692,
            0.7614256204973069
        ],
        [
            1.4722623477791044,
            0.7602492065016722
        ],
        [
            1.4359984389034897,
            0.7523791228915853
        ],
        [
            1.4006257962889148,
            0.7450042186805907
        ],
        [
            1.366380252141338,
            0.7396603524718983
        ],
        [
            1.3326325177678213,
            0.7321011774884207
        ],
        [
            1.2993401160849105,
            0.7215433167603165
        ],
        [
            1.2675152917287158,
            0.715419457916164
        ],
        [
            1.231529574087729,
            0.6690937878323517
        ],
        [
            1.2051127619947164,
            0.691076103863667
        ],
        [
            1.1782173344061453,
            0.7093033344019265
        ],
        [
            1.1467861907912993,
            0.6689487136935788
        ],
        [
            1.1188457453834315,
            0.6552571888498242
        ],
        [
            1.091926446240533,
            0.6416366633016206
        ],
        [
            1.0659738715736133,
            0.627199710517846
        ],
        [
            1.0409991291833927,
            0.6116619172042819
        ],
        [
            1.011206949796704,
            0.5111036397884384
        ],
        [
            0.9941948021498992,
            0.5791331745320044
        ],
        [
            0.9731599249165466,
            0.5999731862531085
        ],
        [
            0.9520793495455928,
            0.5744940704635
        ],
        [
            0.9321061912621698,
            0.5253394056503088
        ],
        [
            0.9136094002252835,
            0.525373371646426
        ],
        [
            0.8963971595807461,
            0.48567783631653416
        ],
        [
            0.8800031050821158,
            0.48063344968878197
        ],
        [
            0.8651753797021811,
            0.453703759107112
        ],
        [
            0.8509747430769656,
            0.4431166852042715
        ],
        [
            0.8393281352785678,
            0.40206297203324537
        ],
        [
            0.8175922707149292,
            0.5034675135275699
        ],
        [
            0.8052345090297841,
            0.4908976669568487
        ],
        [
            0.793646133612538,
            0.4798262997147805
        ],
        [
            0.797151806305763,
            0.3648408146105974
        ],
        [
            0.7964157589452905,
            0.28611073836154943
        ],
        [
            0.7957496572540963,
            0.216836225414841
        ],
        [
            0.7872336224726029,
            0.24829770409750088
        ],
        [
            0.7916695747298887,
            0.163299681045083
        ],
        [
