{
    "mechanism_template_name": "FourBarLinkage_TypeA",
    "variation_id": "079d4fb275",
    "parameters": {
        "r_O2A": 1.2,
        "r_AB": 2.0,
        "r_O4B": 1.5,
        "O4_x": 2.0,
        "O4_y": -0.5,
        "output_joint_name": "B",
        "input_revolutions": 1,
        "num_steps": 180
    },
    "output_joint_name": "B",
    "path_xy_coordinates": [
        [
            3.1439235751169763,
            0.4702777201871615
        ],
        [
            3.155995615884647,
            0.45586303205818984
        ],
        [
            3.164031238798393,
            0.446060925681943
        ],
        [
            3.1684821695622056,
            0.4405580361761318
        ],
        [
            3.1697372511456727,
            0.43899667905805395
        ],
        [
            3.168125738395603,
            0.44100066912716285
        ],
        [
            3.163923453452711,
            0.4461935290957703
        ],
        [
            3.1573600737800662,
            0.4542104902063243
        ],
        [
            3.148626478153919,
            0.46470576534180674
        ],
        [
            3.1378815573455516,
            0.47735641474994045
        ],
        [
            3.125258217362207,
            0.4918638738550904
        ],
        [
            3.110868499453426,
            0.5079539557549713
        ],
        [
            3.094807850215873,
            0.5253759169717737
        ],
        [
            3.077158628042138,
            0.5439009962800073
        ],
        [
            3.0579929513525883,
            0.5633207018055554
        ],
        [
            3.037374994540375,
            0.583445024310132
        ],
        [
            3.0153628287430676,
            0.6041006865349323
        ],
        [
            2.9920098919692895,
            0.625129492207505
        ],
        [
            2.9673661598141683,
            0.6463868076903339
        ],
        [
            2.9414790755374516,
            0.6677401895649547
        ],
        [
            2.9143942873162376,
            0.6890681592421386
        ],
        [
            2.8861562311996805,
            0.7102591184973746
        ],
        [
            2.856808590618305,
            0.731210395928633
        ],
        [
            2.826394657058385,
            0.7518274125395342
        ],
        [
            2.794957611489714,
            0.7720229541697127
        ],
        [
            2.7625407421238064,
            0.7917165387968645
        ],
        [
            2.72918761089076,
            0.8108338674765405
        ],
        [
            2.694942178495226,
            0.8293063486451827
        ],
        [
            2.6598488959111837,
            0.847070686550958
        ],
        [
            2.623952768592234,
            0.864068525612318
        ],
        [
            2.58729939842127,
            0.880246143488215
        ],
        [
            2.5499350074307463,
            0.8955541865517864
        ],
        [
            2.511906446537081,
            0.9099474422806865
        ],
        [
            2.4732611919064293,
            0.92338464381044
        ],
        [
            2.4340473310745425,
            0.9358283025983805
        ],
        [
            2.3943135405108533,
            0.9472445653446874
        ],
        [
            2.354109056097091,
            0.9576030929351498
        ],
        [
            2.3134836375646306,
            0.9668769577293393
        ],
        [
            2.2724875278939662,
            0.9750425577840849
        ],
        [
            2.231171408407775,
            0.9820795457939516
        ],
        [
            2.1895863501824353,
            0.9879707711995545
        ],
        [
            2.1477837622810565,
            0.9927022341086031
        ],
        [
            2.105815337211215,
            0.9962630498797708
        ],
        [
            2.0637329939367226,
            0.9986454235174383
        ],
        [
            2.021588818671647,
            0.9998446329202753
        ],
        [
            1.979435003635564,
            0.9998590203513897
        ],
        [
            1.9373237839194781,
            0.9986899919405016
        ],
        [
            1.8953073724705192,
            0.9963420243179926
        ],
        [
            1.8534378932181232,
            0.9928226782998084
        ],
        [
            1.8117673122693219,
            0.9881426192572925
        ],
        [
            1.7703473670425567,
            0.9823156438979183
        ],
        [
            1.7292294931402952,
            0.9753587131851313
        ],
        [
            1.6884647486852546,
            0.9672919910949495
        ],
        [
            1.6481037357620856,
            0.9581388888389769
        ],
        [
            1.6081965185149025,
            0.9479261140716695
        ],
        [
            1.5687925373503329,
            0.9366837244343095
        ],
        [
            1.5299405185856634,
            0.9244451845598248
        ],
        [
            1.4916883787628263,
            0.9112474253587565
        ],
        [
            1.454083122723254,
            0.8971309040148862
        ],
        [
            1.4171707344094866,
            0.8821396626253283
        ],
        [
            1.3809960592325137,
            0.8663213828108541
        ],
        [
            1.3456026767279665,
            0.8497274328865175
        ],
        [
            1.3110327621318092,
            0.8324129033132643
        ],
        [
            1.2773269354618462,
            0.8144366252470923
        ],
        [
            1.2445240966522946,
            0.7958611651951379
        ],
        [
            1.2126612455452455,
            0.7767527895930249
        ],
        [
            1.1817732855253336,
            0.7571813885513617
        ],
        [
            1.1518928102361967,
            0.7372203500876008
        ],
        [
            1.1230498732884535,
            0.7169463732065384
        ],
        [
            1.09527174179724,
            0.6964392081544926
        ],
        [
            1.0685826357581933,
            0.6757813119746372
        ],
        [
            1.043003456767682,
            0.655057408201581
        ],
        [
            1.0185515114003871,
            0.6343539413364331
        ],
        [
            0.9952402366214999,
            0.6137584198988354
        ],
        [
            0.9730789368191766,
            0.5933586465545245
        ],
        [
            0.9520725442123572,
            0.5732418401303673
        ],
        [
            0.9322214162647875,
            0.5534936621149688
        ],
        [
            0.9135211850040215,
            0.5341971690953913
        ],
        [
            0.8959626734639738,
            0.5154317217889025
        ],
        [
            0.8795318935274101,
            0.4972718898964928
        ],
        [
            0.8642101370224637,
            0.47978639874080004
        ],
        [
            0.8499741679742938,
            0.46303716733757483
        ],
        [
            0.8367965186032917,
            0.4470784871733588
        ],
        [
            0.8246458854129517,
            0.43195638595553243
        ],
        [
            0.8134876151538286,
            0.4177082110380468
        ],
        [
            0.8032842643392215,
            0.4043624538988128
        ],
        [
            0.7939962110729053,
            0.39193882138490393
        ],
        [
            0.7855822948340332,
            0.3804485432888325
        ],
        [
            0.7780004588940008,
            0.36989489108554313
        ],
        [
            0.7712083712406657,
            0.3602738709800428
        ],
        [
            0.7651640029755802,
            0.3515750468706302
        ],
