{
    "mechanism_template_name": "FourBarLinkage_TypeA",
    "variation_id": "c0cb600781",
    "parameters": {
        "r_O2A": 0.8,
        "r_AB": 3.0,
        "r_O4B": 1.5,
        "O4_x": 3.0,
        "O4_y": -0.5,
        "output_joint_name": "B",
        "input_revolutions": 1,
        "num_steps": 180
    },
    "output_joint_name": "B",
    "path_xy_coordinates": [
        [
            3.6810208828257034,
            0.8364918844329607
        ],
        [
            3.6897882673795124,
            0.8319880428087838
        ],
        [
            3.6969623993395486,
            0.8282482501359042
        ],
        [
            3.7025622311932347,
            0.8252948016769688
        ],
        [
            3.706611447027001,
            0.823140303571197
        ],
        [
            3.709137709566239,
            0.8217880725963123
        ],
        [
            3.710171950917496,
            0.8212326820545446
        ],
        [
            3.709747721047704,
            0.8214606208539506
        ],
        [
            3.7079006032644384,
            0.8224510334591862
        ],
        [
            3.704667701683361,
            0.8241765102143079
        ],
        [
            3.7000872019176185,
            0.8266039008348371
        ],
        [
            3.6941980032422097,
            0.8296951275737892
        ],
        [
            3.687039418192122,
            0.8334079787703268
        ],
        [
            3.678650933955097,
            0.8376968676938368
        ],
        [
            3.6690720289366903,
            0.8425135455880856
        ],
        [
            3.658342037409839,
            0.8478077614311779
        ],
        [
            3.6465000551087483,
            0.8535278640500146
        ],
        [
            3.633584878885539,
            0.8596213448060169
        ],
        [
            3.61963497399751,
            0.8660353212937213
        ],
        [
            3.604688463250134,
            0.8727169637039369
        ],
        [
            3.5887831328171793,
            0.8796138671890668
        ],
        [
            3.571956450326175,
            0.8866743738028673
        ],
        [
            3.5542455914247757,
            0.8938478483744193
        ],
        [
            3.535687471695659,
            0.9010849127374324
        ],
        [
            3.5163187813591303,
            0.9083376427718729
        ],
        [
            3.4961760207136003,
            0.9155597325798146
        ],
        [
            3.475295534707984,
            0.9227066298852324
        ],
        [
            3.4537135454187218,
            0.9297356464522892
        ],
        [
            3.43146618152173,
            0.9366060469856474
        ],
        [
            3.408589504111804,
            0.9432791196307384
        ],
        [
            3.3851195284351747,
            0.9497182308468879
        ],
        [
            3.3610922412715407,
            0.9558888670928145
        ],
        [
            3.3365436138361657,
            0.9617586654494341
        ],
        [
            3.3115096101764347,
            0.9672974350134378
        ],
        [
            3.2860261911157247,
            0.9724771706290518
        ],
        [
            3.260129313855268,
            0.9772720602852588
        ],
        [
            3.233854927385779,
            0.9816584872911014
        ],
        [
            3.2072389638884475,
            0.985615028151187
        ],
        [
            3.180317326322236,
            0.9891224468954235
        ],
        [
            3.1531258724037476,
            0.9921636864693422
        ],
        [
            3.1257003951891074,
            0.9947238576618915
        ],
        [
            3.0980766004660207,
            0.9967902259342682
        ],
        [
            3.070290081159678,
            0.9983521964140328
        ],
        [
            3.0423762889495864,
            0.9994012972316226
        ],
        [
            3.014370503286542,
            0.9999311612995097
        ],
        [
            2.9863077979905523,
            0.9999375065662055
        ],
        [
            2.9582230056020844,
            0.9994181147170955
        ],
        [
            2.9301506796517445,
            0.9983728082305963
        ],
        [
            2.9021250550044018,
            0.9968034256801077
        ],
        [
            2.87418000643129,
            0.9947137950787918
        ],
        [
            2.846349005558154,
            0.9921097050429326
        ],
        [
            2.8186650763326835,
            0.988998873549223
        ],
        [
            2.7911607491587405,
            0.9853909139605226
        ],
        [
            2.7638680138442355,
            0.9812972980056376
        ],
        [
            2.7368182715152836,
            0.9767313153559314
        ],
        [
            2.710042285656922,
            0.9717080294170295
        ],
        [
            2.6835701324514245,
            0.9662442289323991
        ],
        [
            2.657431150599223,
            0.9603583749790918
        ],
        [
            2.631653890824737,
            0.9540705429256211
        ],
        [
            2.606266065290091,
            0.9474023589188689
        ],
        [
            2.5812944971637313,
            0.9403769304728741
        ],
        [
            2.556765070618222,
            0.9330187707486093
        ],
        [
            2.5327026815616827,
            0.9253537161423142
        ],
        [
            2.5091311894401116,
            0.9174088368422935
        ],
        [
            2.486073370482454,
            0.9092123400719118
        ],
        [
            2.4635508727960564,
            0.9007934658113691
        ],
        [
            2.4415841737559094,
            0.8921823748840119
        ],
        [
            2.4201925401655826,
            0.8834100294049275
        ],
        [
            2.399393991699485,
            0.874508065720861
        ],
        [
            2.379205268163196,
            0.8655086601201126
        ],
        [
            2.359641801129237,
            0.8564443877578204
        ],
        [
            2.3407176905176366,
            0.8473480754229742
        ],
        [
            2.322445686691951,
            0.8382526489650914
        ],
        [
            2.3048371786298283,
            0.8291909763955851
        ],
        [
            2.2879021887010307,
            0.820195707875413
        ],
        [
            2.2716493745433297,
            0.8112991139893488
        ],
        [
            2.2560860384669743,
            0.8025329238801517
        ],
        [
            2.2412181447408677,
            0.7939281649645027
        ],
        [
            2.227050345018728,
            0.7855150060682803
        ],
        [
            2.2135860120522937,
            0.7773226058933498
        ],
        [
            2.2008272817134746,
            0.7693789687544652
        ],
        [
            2.1887751032109986,
            0.7617108094975262
        ],
        [
            2.1774292972437164,
            0.7543434294258435
        ],
        [
            2.1667886216867096,
            0.7473006049182404
        ],
        [
            2.156850844262954,
            0.7406044902237214
        ],
        [
            2.1476128215177557,
            0.7342755356667452
        ],
        [
            2.1390705832908092,
            0.7283324222025132
        ],
        [
            2.1312194217764175,
            0.7227920129331672
        ],
        [
            2.124053984180225,
            0.717669321845385
        ],
        [
            2.11756836792405,
            0.7129774996708614
        ],
        [
            2.111756217320954,
            0.7087278364172229
        ],
        [
