{
    "mechanism_template_name": "FourBarLinkage_TypeA",
    "variation_id": "5f8eb725db",
    "parameters": {
        "r_O2A": 1.2,
        "r_AB": 3.0,
        "r_O4B": 1.5,
        "O4_x": 2.0,
        "O4_y": 0.5,
        "output_joint_name": "B",
        "input_revolutions": 1,
        "num_steps": 180
    },
    "output_joint_name": "B",
    "path_xy_coordinates": [
        [
            3.738296908508789,
            1.5990774853817193
        ],
        [
            3.708606477351325,
            1.6862495975203406
        ],
        [
            3.6960258820221443,
            1.7440210704784762
        ],
        [
            3.913219633458678,
            1.3919616132775605
        ],
        [
            3.9624621505295723,
            1.30960874917449
        ],
        [
            3.9907618535233196,
            1.262343464187275
        ],
        [
            4.043594894084306,
            1.124060076148848
        ],
        [
            4.077105703225969,
            1.0085316952330134
        ],
        [
            4.043284931600772,
            1.1364504514809473
        ],
        [
            4.1093694613010125,
            0.8046774309523613
        ],
        [
            4.108776751517263,
            0.741233763642287
        ],
        [
            4.089925547214572,
            0.812326252125113
        ],
        [
            4.094920501909382,
            0.5243115324939938
        ],
        [
            4.0752543112270265,
            0.42031080680728455
        ],
        [
            4.055526142897442,
            0.4445696172636684
        ],
        [
            4.021470141067578,
            0.29360413214313863
        ],
        [
            3.9864261893063024,
            0.22122398094433637
        ],
        [
            3.973459873209159,
            0.3358525684304267
        ],
        [
            3.9086246544096084,
            0.1131639142675106
        ],
        [
            3.872175333709624,
            0.09486298196005505
        ],
        [
            3.8238532088216246,
            0.03615959480381625
        ],
        [
            3.780672212237905,
            0.009599445689945418
        ],
        [
            3.737407277170604,
            -0.01027604606361332
        ],
        [
            3.688379695398139,
            -0.04301136009109552
        ],
        [
            3.6474827462968036,
            -0.04514792827858016
        ],
        [
            3.60456062188081,
            -0.0503539537462383
        ],
        [
            3.56063308256302,
            -0.05568468697736906
        ],
        [
            3.517611732794332,
            -0.05616311869335733
        ],
        [
            3.47540737853299,
            -0.05265892411457451
        ],
        [
            3.4340758413547094,
            -0.045501251102573415
        ],
        [
            3.311495775316132,
            -0.22799645007946268
        ],
        [
            3.1168806034725107,
            -0.5012880292837043
        ],
        [
            2.9776761611017935,
            -0.6376068407025428
        ],
        [
            2.858892809784368,
            -0.7297573505797839
        ],
        [
            2.7533450676833935,
            -0.7971010789438611
        ],
        [
            2.6578887892725636,
            -0.848029057902498
        ],
        [
            2.570726062341287,
            -0.8871812288826606
        ],
        [
            2.4906619804048336,
            -0.9174804481844561
        ],
        [
            2.4168230578922385,
            -0.940922807928781
        ],
        [
            2.348529064002619,
            -0.958947391630506
        ],
        [
            2.2852269325688517,
            -0.9726322001534651
        ],
        [
            2.2264533393933115,
            -0.9828077707760439
        ],
        [
            2.171811864693667,
            -0.9901277405473907
        ],
        [
            2.1209581576006147,
            -0.9951150872455445
        ],
        [
            2.0735897710784723,
            -0.9981937610310792
        ],
        [
            2.0294388703190505,
            -0.9997110898085406
        ],
        [
            1.9882667929698206,
            -0.9999541099047682
        ],
        [
            1.9498598536238407,
            -0.9991617543538878
        ],
        [
            1.914026016447618,
            -0.9975341312230392
        ],
        [
            1.8805921945543729,
            -0.9952397052142583
        ],
        [
            1.8494020161890583,
            -0.9924209350399114
        ],
        [
            1.8203139481746973,
            -0.989198751972723
        ],
        [
            1.793199699505052,
            -0.9856761544295842
        ],
        [
            1.767942849309614,
            -0.9819411185379359
        ],
        [
            1.7444376574732836,
            -0.9780689730463403
        ],
        [
            1.7225880270070788,
            -0.9741243493618941
        ],
        [
            1.7023065931666792,
            -0.9701627921392906
        ],
        [
            1.683513919423142,
            -0.9662320965177327
        ],
        [
            1.666137786712294,
            -0.9623734210173813
        ],
        [
            1.6501125601239672,
            -0.9586222195476053
        ],
        [
            1.635378625228536,
            -0.9550090216239246
        ],
        [
            1.6218818833875588,
            -0.9515600882661528
        ],
        [
            1.609573299168345,
            -0.9482979635575153
        ],
        [
            1.5984084932554161,
            -0.9452419388064044
        ],
        [
            1.588347375273722,
            -0.9424084430338588
        ],
        [
            1.5793538116703676,
            -0.9398113710575765
        ],
        [
            1.5713953244094645,
            -0.9374623584801614
        ],
        [
            1.5644428167458289,
            -0.935371011307847
        ],
        [
            1.5584703227761856,
            -0.9335450966465366
        ],
        [
            1.5534547778360408,
            -0.9319906998834323
        ],
        [
            1.5493758071279857,
            -0.9307123529172753
        ],
        [
            1.5462155302422445,
            -0.9297131373111597
        ],
        [
            1.5439583794703393,
            -0.9289947656797966
        ],
        [
            1.5425909300240157,
            -0.9285576441647887
        ],
        [
            1.5421017404593116,
            -0.9284009184782686
        ],
        [
            1.5424812017741085,
            -0.9285225056922292
        ],
        [
            1.5437213937994754,
            -0.9289191137073339
        ],
        [
            1.5458159476458866,
            -0.9295862501374185
        ],
        [
            1.54875991310261,
            -0.930518222175508
        ],
        [
            1.5525496299952612,
            -0.9317081289098395
        ],
        [
            1.5571826026386049,
            -0.9331478474329894
        ],
        [
            1.5626573766308716,
            -0.9348280140126479
        ],
        [
            1.5689734173419114,
            -0.9367380015352225
        ],
        [
            1.5761309895568827,
            -0.9388658943769119
        ],
        [
            1.5841310378420206,
            -0.941198461812169
        ],
        [
            1.5929750673022771,
            -0.9437211310286894
        ],
        [
            1.6026650245019138,
            -0.9464179607781699
        ],
        [
            1.6132031784181338,
            -0.9492716166504027
        ],
        [
            1.6245920013938613,
            -0.952263348912512
        ],
        [
            1.6368340501479368,
            -0.9553729738033127
        ],
        [
