{
    "mechanism_template_name": "FourBarLinkage_TypeA",
    "variation_id": "566ab7c33c",
    "parameters": {
        "r_O2A": 1.2,
        "r_AB": 2.0,
        "r_O4B": 2.5,
        "O4_x": 3.0,
        "O4_y": 0.5,
        "output_joint_name": "B",
        "input_revolutions": 1,
        "num_steps": 180
    },
    "output_joint_name": "B",
    "path_xy_coordinates": [
        [
            0.991904282429446,
            1.98914458306298
        ],
        [
            1.0264497886476098,
            2.0346333644462264
        ],
        [
            1.0622764514462315,
            2.0796288960957767
        ],
        [
            1.0992384461995643,
            2.1239167206463025
        ],
        [
            1.1371619188734399,
            2.1672835042382825
        ],
        [
            1.175846726885516,
            2.209521815065826
        ],
        [
            1.2150692523204885,
            2.250434867679563
        ],
        [
            1.2545862132739667,
            2.2898409742507018
        ],
        [
            1.294139323886036,
            2.327577454908003
        ],
        [
            1.3334605886916868,
            2.363503794081521
        ],
        [
            1.3722779701211587,
            2.3975038849623833
        ],
        [
            1.4103211448220256,
            2.429487273189551
        ],
        [
            1.4473270670848417,
            2.4593893853425874
        ],
        [
            1.4830450845648175,
            2.4871707990350824
        ],
        [
            1.517241398079131,
            2.5128156717470302
        ],
        [
            1.5497027167602875,
            2.5363294896033697
        ],
        [
            1.58023902465111,
            2.557736322485746
        ],
        [
            1.6086854377429032,
            2.577075778312404
        ],
        [
            1.6349031856853287,
            2.5943998394644177
        ],
        [
            1.658779796085411,
            2.60976974208368
        ],
        [
            1.6802285896847615,
            2.6232530288486426
        ],
        [
            1.6991876118153235,
            2.634920872244582
        ],
        [
            1.7156181308232084,
            2.644845732012004
        ],
        [
            1.7295028299033235,
            2.6530993801439884
        ],
        [
            1.7408438076354875,
            2.659751301245151
        ],
        [
            1.7496604870681223,
            2.6648674560412124
        ],
        [
            1.7559875154381133,
            2.668509381546806
        ],
        [
            1.7598727191698214,
            2.6707335919464885
        ],
        [
            1.7613751619792382,
            2.671591239305221
        ],
        [
            1.7605633377104368,
            2.6711279925825875
        ],
        [
            1.7575135189061086,
            2.6693840933052906
        ],
        [
            1.7523082700449235,
            2.666394550161681
        ],
        [
            1.745035126979578,
            2.6621894383788733
        ],
        [
            1.7357854380926552,
            2.6567942742407142
        ],
        [
            1.724653358477208,
            2.650230439714049
        ],
        [
            1.711734985750942,
            2.6425156365713955
        ],
        [
            1.6971276245934055,
            2.63366435346914
        ],
        [
            1.6809291664774366,
            2.62368833306365
        ],
        [
            1.6632375711106187,
            2.612597029382803
        ],
        [
            1.6441504366114945,
            2.6003980483178357
        ],
        [
            1.6237646462600277,
            2.587097566286568
        ],
        [
            1.6021760806582936,
            2.572700723886739
        ],
        [
            1.5794793852022218,
            2.557211992779075
        ],
        [
            1.5557677838245048,
            2.540635515178635
        ],
        [
            1.5311329311665987,
            2.5229754160311697
        ],
        [
            1.5056647963369232,
            2.5042360885621266
        ],
        [
            1.4794515721520254,
            2.4844224545425826
        ],
        [
            1.4525796047731756,
            2.463540200741923
        ],
        [
            1.425133339413956,
            2.4415959932121987
        ],
        [
            1.3971952784173933,
            2.4185976712041874
        ],
        [
            1.3688459485868885,
            2.394554422556606
        ],
        [
            1.3401638751620095,
            2.3694769423934927
        ],
        [
            1.3112255602608904,
            2.343377576929064
        ],
        [
            1.2821054639751728,
            2.3162704541218297
        ],
        [
            1.2528759866090098,
            2.2881716028471915
        ],
        [
            1.2236074508075043,
            2.259099062175477
        ],
        [
            1.1943680825284666,
            2.2290729822539435
        ],
        [
            1.1652239899804666,
            2.1981157181986504
        ],
        [
            1.1362391397850709,
            2.166251918305961
        ],
        [
            1.1074753297268531,
            2.133508607793071
        ],
        [
            1.0789921575355264,
            2.0999152691704595
        ],
        [
            1.0508469852046378,
            2.065503920233488
        ],
        [
            1.0230948983943127,
            2.0303091905310717
        ],
        [
            0.9957886604955638,
            1.9943683970206907
        ],
        [
            0.9689786609543087,
            1.9577216194437252
        ],
        [
            0.9427128574687331,
            1.9204117757443266
        ],
        [
            0.9170367116884997,
            1.8824846975979133
        ],
        [
            0.8919931180638287,
            1.8439892057994844
        ],
        [
            0.867622325522952,
            1.8049771848725604
        ],
        [
            0.8439618517053585,
            1.7655036557804569
        ],
        [
            0.821046389554749,
            1.725626845035113
        ],
        [
            0.7989077061905191,
            1.6854082477866812
        ],
        [
            0.777574534142895,
            1.644912681622433
        ],
        [
            0.7570724552694945,
            1.6042083267922957
        ],
        [
            0.7374237779869504,
            1.5633667474035555
        ],
        [
            0.7186474088683907,
            1.5224628867931949
        ],
        [
            0.7007587201941683,
            1.4815750288157377
        ],
        [
            0.6837694157153187,
            1.4407847152258968
        ],
        [
            0.6676873977077271,
            1.4001766077735884
        ],
        [
            0.6525166393610697,
            1.3598382821949375
        ],
        [
            0.6382570676459431,
            1.3198599401636677
        ],
        [
            0.6249044629981624,
            1.2803340247114945
        ],
        [
            0.6124503833835682,
            1.241354724943277
        ],
        [
            0.6008821214549325,
            1.2030173574185679
        ],
        [
            0.5901827044381147,
            1.1654176147162265
        ],
        [
            0.5803309469007314,
            1.1286506767722422
        ],
        [
            0.5713015664470553,
            1.092810187791323
        ],
        [
            0.5630653714252369,
            1.0579871108680308
        ],
        [
            0.5555895277357823,
            1.0242684835753426
        ],
        [
            0.5488379086822155,
            0.9917361099402043
        ],
        [
            0.5427715275296221,
            0.960465236240762
        ],
        [
