{
    "mechanism_template_name": "FourBarLinkage_TypeA",
    "variation_id": "e6eb99fc66",
    "parameters": {
        "r_O2A": 0.8,
        "r_AB": 2.0,
        "r_O4B": 1.5,
        "O4_x": 2.0,
        "O4_y": 0.5,
        "output_joint_name": "B",
        "input_revolutions": 1,
        "num_steps": 180
    },
    "output_joint_name": "B",
    "path_xy_coordinates": [
        [
            1.4444469771857145,
            1.8933272547544957
        ],
        [
            1.482414692337846,
            1.9078726679968077
        ],
        [
            1.5201836731140788,
            1.9211883381360135
        ],
        [
            1.5575286061230176,
            1.9332547106500653
        ],
        [
            1.5942205903773554,
            1.944071698609977
        ],
        [
            1.630031863869621,
            1.9536586869854335
        ],
        [
            1.6647406097786197,
            1.9620537408961503
        ],
        [
            1.6981356013234663,
            1.9693120447378607
        ],
        [
            1.7300204516402866,
            1.9755036575582035
        ],
        [
            1.7602172638165954,
            1.9807107210487094
        ],
        [
            1.7885695230770817,
            1.9850242938849045
        ],
        [
            1.8149441322479016,
            1.9885410057538682
        ],
        [
            1.8392325557360176,
            1.9913597248367134
        ],
        [
            1.8613510988695912,
            1.9935784151545308
        ],
        [
            1.8812404021373892,
            1.9952913287769947
        ],
        [
            1.8988642691831612,
            1.9965866376365482
        ],
        [
            1.914207971274243,
            1.9975445662173834
        ],
        [
            1.9272761795817344,
            1.9982360448019638
        ],
        [
            1.9380906720089794,
            1.998721867161393
        ],
        [
            1.9466879466462186,
            1.9990523089496284
        ],
        [
            1.9531168528452931,
            1.99926714443495
        ],
        [
            1.9574363263811372,
            1.9993959895936078
        ],
        [
            1.9597132918747195,
            1.9994588961149085
        ],
        [
            1.96002077128912,
            1.9994671257726038
        ],
        [
            1.9584362198405894,
            1.9994240401496124
        ],
        [
            1.9550400942564186,
            1.9993260508885442
        ],
        [
            1.9499146467021515,
            1.9991635859309866
        ],
        [
            1.9431429297973986,
            1.9989220371866694
        ],
        [
            1.9348079930358528,
            1.9985826644608378
        ],
        [
            1.9249922483482944,
            1.998123438566846
        ],
        [
            1.9137769818292956,
            1.9975198132653822
        ],
        [
            1.901241989251981,
            1.9967454210023365
        ],
        [
            1.88746531446776,
            1.995772691469773
        ],
        [
            1.8725230718107075,
            1.9945733949010427
        ],
        [
            1.856489335678953,
            1.9931191142205267
        ],
        [
            1.8394360831600385,
            1.9913816509046312
        ],
        [
            1.8214331770555001,
            1.9893333709401342
        ],
        [
            1.8025483794413717,
            1.9869474965825944
        ],
        [
            1.782847387174652,
            1.984198350220879
        ],
        [
            1.7623938825666026,
            1.9810615561190785
        ],
        [
            1.7412495937712473,
            1.9775142054587302
        ],
        [
            1.7194743605913796,
            1.9735349896390035
        ],
        [
            1.6971262023702416,
            1.9691043062918876
        ],
        [
            1.6742613854330846,
            1.9642043419672914
        ],
        [
            1.6509344881917527,
            1.9588191349586193
        ],
        [
            1.6271984625489124,
            1.9529346212850234
        ],
        [
            1.6031046906564945,
            1.9465386664290916
        ],
        [
            1.5787030364131582,
            1.9396210850512632
        ],
        [
            1.5540418913437015,
            1.9321736505651916
        ],
        [
            1.5291682147027799,
            1.924190096160173
        ],
        [
            1.5041275677973946,
            1.915666108595249
        ],
        [
            1.4789641426369418,
            1.906599315861497
        ],
        [
            1.4537207851040468,
            1.8969892696111175
        ],
        [
            1.428439012900512,
            1.8868374230807257
        ],
        [
            1.403159028565753,
            1.8761471050885912
        ],
        [
            1.3779197278944726,
            1.8649234905583474
        ],
        [
            1.3527587040994715,
            1.8531735679121795
        ],
        [
            1.3277122480772816,
            1.840906103582225
        ],
        [
            1.302815345140916,
            1.828131603807724
        ],
        [
            1.2781016685872824,
            1.8148622738155744
        ],
        [
            1.2536035704679276,
            1.8011119744219455
        ],
        [
            1.2293520699348741,
            1.7868961760368953
        ],
        [
            1.2053768395342734,
            1.7722319100087767
        ],
        [
            1.1817061897892494,
            1.7571377172558813
        ],
        [
            1.1583670525072973,
            1.7416335939642178
        ],
        [
            1.1353849631314281,
            1.7257409342833667
        ],
        [
            1.1127840425408715,
            1.7094824698106732
        ],
        [
            1.0905869786906386,
            1.6928822056747221
        ],
        [
            1.0688150084852672,
            1.6759653530243144
        ],
        [
            1.0474879002940543,
            1.658758257724033
        ],
        [
            1.0266239375254411,
            1.6412883250633294
        ],
        [
            1.0062399036890004,
            1.6235839402996501
        ],
        [
            0.9863510693840818,
            1.6056743848783435
        ],
        [
            0.9669711816637254,
            1.5875897482037138
        ],
        [
            0.9481124562301613,
            1.5693608348774062
        ],
        [
            0.9297855729229577,
            1.551019067372926
        ],
        [
            0.9119996749616054,
            1.5325963841791126
        ],
        [
            0.8947623723997591,
            1.514125133520935
        ],
        [
            0.8780797502372969,
            1.495637962853065
        ],
        [
            0.861956381617476,
            1.477167704419707
        ],
        [
            0.8463953465086252,
            1.45874725728217
        ],
        [
            0.8313982562318595,
            1.4404094663319644
        ],
        [
            0.8169652841474455,
            1.4221869989295683
        ],
        [
            0.8030952027520191,
            1.4041122199344624
        ],
        [
            0.7897854273667274,
            1.3862170660169664
        ],
        [
            0.7770320665127772,
            1.3685329202625593
        ],
        [
            0.7648299789765933,
            1.351090488190015
        ],
        [
            0.7531728374632848,
            1.3339196764006869
        ],
        [
            0.7420531986263293,
            1.3170494751523911
        ],
        [
            0.7314625791459588,
            1.3005078462025026
        ],
        [
            0.7213915374118303,
            1.2843216172863356
        ],
        [
