{
    "mechanism_template_name": "FourBarLinkage_TypeA",
    "variation_id": "c7b1d5cab3",
    "parameters": {
        "r_O2A": 0.8,
        "r_AB": 3.0,
        "r_O4B": 1.5,
        "O4_x": 2.0,
        "O4_y": -0.5,
        "output_joint_name": "B",
        "input_revolutions": 1,
        "num_steps": 180
    },
    "output_joint_name": "B",
    "path_xy_coordinates": [
        [
            3.569979889814557,
            -1.1520466179903193
        ],
        [
            3.545554454967295,
            -1.1799081348915175
        ],
        [
            3.5216868989287375,
            -1.2015361096144352
        ],
        [
            3.4953927258849316,
            -1.2239442499257527
        ],
        [
            3.4686443227988466,
            -1.2431291966515325
        ],
        [
            3.439007477967187,
            -1.2641023824107367
        ],
        [
            3.412025105039733,
            -1.2765925865641878
        ],
        [
            3.3863869131657673,
            -1.2838252673470434
        ],
        [
            3.3559430637528163,
            -1.2968390503626506
        ],
        [
            3.3288920470974532,
            -1.3015807285911367
        ],
        [
            3.29995056562169,
            -1.307311504304899
        ],
        [
            3.2716765648347415,
            -1.3099955400877568
        ],
        [
            3.39616212861274,
            -1.048389741133876
        ],
        [
            3.4479391175231653,
            -0.8917554232304661
        ],
        [
            3.4741322658063907,
            -0.7773699008387227
        ],
        [
            3.4889038644063994,
            -0.6821133773017655
        ],
        [
            3.496767482952415,
            -0.5984230757099278
        ],
        [
            3.4998282009551662,
            -0.5227017081557523
        ],
        [
            3.499260796130432,
            -0.4529142786847759
        ],
        [
            3.49579670627293,
            -0.3877849014797964
        ],
        [
            3.4899271297547974,
            -0.32645703518856817
        ],
        [
            3.4820011998247327,
            -0.2683268361764848
        ],
        [
            3.472278480018935,
            -0.21295281335686456
        ],
        [
            3.4609592662935724,
            -0.16000289471305984
        ],
        [
            3.4482031103099384,
            -0.10922159710341273
        ],
        [
            3.4341406795228244,
            -0.060408689935523396
        ],
        [
            3.418881641484774,
            -0.013404792704003077
        ],
        [
            3.4025200705475864,
            0.031918659008126626
        ],
        [
            3.3851382533599916,
            0.07566659350420935
        ],
        [
            3.366809427009371,
            0.1179255598548774
        ],
        [
            3.3475997864259925,
            0.15876765402450366
        ],
        [
            3.3275699797378566,
            0.198253502540229
        ],
        [
            3.3067762373973815,
            0.23643456491001186
        ],
        [
            3.2852712345640875,
            0.2733549344785405
        ],
        [
            3.263104756032882,
            0.30905276391851966
        ],
        [
            3.2403242128946754,
            0.3435614058353178
        ],
        [
            3.216975046400968,
            0.37691033430832016
        ],
        [
            3.1931010449671016,
            0.409125895722115
        ],
        [
            3.1687445935634337,
            0.44023192499066593
        ],
        [
            3.143946869979686,
            0.47025025457199315
        ],
        [
            3.1187479989853335,
            0.4992011372700828
        ],
        [
            3.093187172862559,
            0.5271035990504553
        ],
        [
            3.0673027448982135,
            0.5539757345241576
        ],
        [
            3.041132301004375,
            0.579834955061151
        ],
        [
            3.014712713563837,
            0.6046981974381824
        ],
        [
            2.9880801807767523,
            0.6285820993451576
        ],
        [
            2.9612702541522524,
            0.6515031468447641
        ],
        [
            2.9343178562977186,
            0.6734777979197863
        ],
        [
            2.907257290773901,
            0.6945225854846638
        ],
        [
            2.8801222454811763,
            0.7146542026375412
        ],
        [
            2.8529457908020497,
            0.7338895724508591
        ],
        [
            2.8257603735332424,
            0.7522459042138943
        ],
        [
            2.798597807486865,
            0.7697407377329892
        ],
        [
            2.7714892615158213,
            0.7863919770451845
        ],
        [
            2.744465245617543,
            0.8022179146990566
        ],
        [
            2.717555595687505,
            0.8172372475924304
        ],
        [
            2.6907894574257942,
            0.8314690852233813
        ],
        [
            2.664195269843404,
            0.8449329511021135
        ],
        [
            2.637800748767388,
            0.857648777982917
        ],
        [
            2.611632870703733,
            0.8696368975037349
        ],
        [
            2.5857178573821584,
            0.880918024762199
        ],
        [
            2.560081161276908,
            0.8915132383097479
        ],
        [
            2.5347474523708016,
            0.9014439560072409
        ],
        [
            2.509740606405741,
            0.910731907154537
        ],
        [
            2.4850836948407116,
            0.9193991012811873
        ],
        [
            2.460798976717624,
            0.927467793965375
        ],
        [
            2.4369078926156376,
            0.9349604500318224
        ],
        [
            2.4134310608556246,
            0.9418997044652189
        ],
        [
            2.3903882760979,
            0.9483083213641617
        ],
        [
            2.367798510457934,
            0.9542091512505206
        ],
        [
            2.3456799172466134,
            0.9596250870393237
        ],
        [
            2.324049837423416,
            0.964579018964825
        ],
        [
            2.3029248088327305,
            0.9690937887489841
        ],
        [
            2.2823205782753373,
            0.9731921432886277
        ],
        [
            2.26225211644911,
            0.9768966881259309
        ],
        [
            2.24273363577502,
            0.9802298409549578
        ],
        [
            2.223778611107025,
            0.9832137854025806
        ],
        [
            2.2053998033071016,
            0.9858704253071717
        ],
        [
            2.187609285650214,
            0.988221339700506
        ],
        [
            2.170418473008004,
            0.990287738679527
        ],
        [
            2.153838153745112,
            0.9920904203332817
        ],
        [
            2.1378785242480913,
            0.9936497288672979
        ],
        [
            2.1225492259942604,
            0.9949855140428852
        ],
        [
            2.107859385056569,
            0.9961170920221465
        ],
        [
            2.093817653930857,
            0.9970632076811495
        ],
        [
            2.080432255563769,
            0.9978419984241599
        ],
        [
            2.067711029453296,
            0.9984709595004316
        ],
        [
            2.0556614783328198,
            0.9989669149590158
        ],
        [
            2.044290823437251,
            0.9993459690603418
        ],
        [
            2.0336060479214453,
            0.9996235010689346
        ],
        [
            2.0236139552549384,
            0.9998141190823087
