{
    "mechanism_template_name": "FourBarLinkage_TypeA",
    "variation_id": "8beef95f34",
    "parameters": {
        "r_O2A": 0.8,
        "r_AB": 3.0,
        "r_O4B": 2.5,
        "O4_x": 3.0,
        "O4_y": -0.5,
        "output_joint_name": "B",
        "input_revolutions": 1,
        "num_steps": 180
    },
    "output_joint_name": "B",
    "path_xy_coordinates": [
        [
            3.0363037255075476,
            1.9997363944482935
        ],
        [
            3.0610223685986373,
            1.9992551431437768
        ],
        [
            3.0842569280548555,
            1.9985797505932783
        ],
        [
            3.105954650441383,
            1.9977537133126555
        ],
        [
            3.126070856517125,
            1.996819204393475
        ],
        [
            3.1445689098525156,
            1.9958164657209954
        ],
        [
            3.1614200791545763,
            1.9947832687975433
        ],
        [
            3.176603306528025,
            1.9937544530918516
        ],
        [
            3.1901048961313867,
            1.9927615466837165
        ],
        [
            3.2019181379784363,
            1.9918324714314841
        ],
        [
            3.21204288174413,
            1.9909913320590753
        ],
        [
            3.2204850749243197,
            1.990258286160248
        ],
        [
            3.2272562787369394,
            1.9896494901449835
        ],
        [
            3.2323731738509283,
            1.989177114640238
        ],
        [
            3.235857066535389,
            1.9888494217517327
        ],
        [
            3.237733404158373,
            1.9886708959895283
        ],
        [
            3.238031307286626,
            1.988642420427558
        ],
        [
            3.2367831241035,
            1.9887614896047485
        ],
        [
            3.2340240112802094,
            1.9890224511127956
        ],
        [
            3.2297915441038514,
            1.9894167682927493
        ],
        [
            3.224125357471998,
            1.9899332971259451
        ],
        [
            3.2170668183484783,
            1.9905585711583207
        ],
        [
            3.208658729441181,
            1.9912770890901634
        ],
        [
            3.1989450632006333,
            1.9920716004610917
        ],
        [
            3.1879707247339777,
            1.9929233856334498
        ],
        [
            3.175781341865813,
            1.9938125270046723
        ],
        [
            3.1624230803361706,
            1.9947181690459321
        ],
        [
            3.147942481987591,
            1.9956187653615458
        ],
        [
            3.1323863237418803,
            1.9964923114816742
        ],
        [
            3.115801495167381,
            1.9973165625757021
        ],
        [
            3.0982348925232697,
            1.9980692356098402
        ],
        [
            3.079733327255676,
            1.9987281958105745
        ],
        [
            3.0603434470342763,
            1.999271627577886
        ],
        [
            3.0401116675987527,
            1.9996781901154388
        ],
        [
            3.019084113805473,
            1.9999271582621407
        ],
        [
            2.997306568436498,
            1.9999985490880845
        ],
        [
            2.9748244274848976,
            1.9998732348989716
        ],
        [
            2.9516826607801754,
            1.999533043339476
        ],
        [
            2.9279257769598606,
            1.9989608453090466
        ],
        [
            2.9035977919265408,
            1.9981406314081556
        ],
        [
            2.8787422000527787,
            1.997057577623075
        ],
        [
            2.853401947509106,
            1.9956981009364214
        ],
        [
            2.8276194071926812,
            1.9940499055219276
        ],
        [
            2.8014363548263654,
            1.9921020201477466
        ],
        [
            2.7748939458805126,
            1.9898448273750504
        ],
        [
            2.748032693043186,
            1.9872700850994756
        ],
        [
            2.72089244402953,
            1.984370940943444
        ],
        [
            2.693512359578294,
            1.9811419399685681
        ],
        [
            2.6659308915338125,
            1.9775790261401016
        ],
        [
            2.6381857609556425,
            1.9736795379403151
        ],
        [
            2.6103139362363574,
            1.9694421984952122
        ],
        [
            2.582351611241191,
            1.96486710054941
        ],
        [
            2.554334183511993,
            1.9599556865973815
        ],
        [
            2.526296232602367,
            1.9547107244566395
        ],
        [
            2.4982714986306975,
            1.949136278551327
        ],
        [
            2.470292861158269,
            1.943237677151879
        ],
        [
            2.4423923185137237,
            1.9370214758050557
        ],
        [
            2.4146009676945117,
            1.930495417185118
        ],
        [
            2.3869489849884973,
            1.9236683875833624
        ],
        [
            2.359465607466072,
            1.9165503702499112
        ],
        [
            2.33217911549811,
            1.909152395800997
        ],
        [
            2.305116816458635,
            1.9014864899056252
        ],
        [
            2.2783050297725693,
            1.8935656184683836
        ],
        [
            2.2517690734686697,
            1.8854036305299946
        ],
        [
            2.2255332523955613,
            1.8770151991136135
        ],
        [
            2.19962084825489,
            1.868415760252586
        ],
        [
            2.1740541115999124,
            1.8596214504439885
        ],
        [
            2.1488542559404538,
            1.8506490427814812
        ],
        [
            2.12404145408604,
            1.8415158820304147
        ],
        [
            2.099634836848258,
            1.8322398189173703
        ],
        [
            2.0756524942110306,
            1.8228391439149925
        ],
        [
            2.0521114790636013,
            1.813332520810719
        ],
        [
            2.029027813575712,
            1.8037389203544165
        ],
        [
            2.006416498277802,
            1.794077554284715
        ],
        [
            1.984291523891304,
            1.7843678100364972
        ],
        [
            1.9626658859352863,
            1.7746291864324513
        ],
        [
            1.9415516021161636,
            1.7648812306593302
        ],
        [
            1.9209597324870287,
            1.7551434768245837
        ],
        [
            1.900900402342741,
            1.7454353863809615
        ],
        [
            1.8813828277963842,
            1.7357762906955991
        ],
        [
            1.8624153439624496,
            1.726185336025829
        ],
        [
            1.8440054356523334,
            1.7166814311465886
        ],
        [
            1.8261597704688013,
            1.7072831978539253
        ],
        [
            1.8088842341681937,
            1.698008924545882
        ],
        [
            1.7921839681426284,
            1.6888765230562195
        ],
        [
            1.7760634088595801,
            1.679903488888319
        ],
        [
            1.7605263290831097,
            1.6711068649665308
        ],
        [
            1.7455758806899504,
            1.6625032089906555
        ],
        [
            1.7312146388847958,
            1.6541085644464992
        ],
        [
            1.7174446476124663,
            1.6459384352921411
        ],
        [
            1.704267465960338,
            1.6380077643060358
        ],
        [
            1.6916842153424905,
