{
    "mechanism_template_name": "FourBarLinkage_TypeA",
    "variation_id": "563676133a",
    "parameters": {
        "r_O2A": 1.2,
        "r_AB": 3.0,
        "r_O4B": 2.5,
        "O4_x": 3.0,
        "O4_y": -0.5,
        "output_joint_name": "B",
        "input_revolutions": 1,
        "num_steps": 180
    },
    "output_joint_name": "B",
    "path_xy_coordinates": [
        [
            3.476175669956385,
            1.954232411843229
        ],
        [
            3.5179031582607596,
            1.9457670205201731
        ],
        [
            3.5562387553970884,
            1.9373342911867582
        ],
        [
            3.5911154320710628,
            1.9291114725281626
        ],
        [
            3.6224986139126285,
            1.9212590682694968
        ],
        [
            3.650383170220816,
            1.913918335796356
        ],
        [
            3.6747899969698326,
            1.9072096834280337
        ],
        [
            3.695762404146418,
            1.9012319082039024
        ],
        [
            3.7133624890861876,
            1.8960621776499973
        ],
        [
            3.7276676420788153,
            1.8917566353355202
        ],
        [
            3.7387672928859867,
            1.8883514998764135
        ],
        [
            3.746759970764301,
            1.8858645279517052
        ],
        [
            3.751750718240914,
            1.8842967217929467
        ],
        [
            3.753848873609533,
            1.8836341740613918
        ],
        [
            3.7531662144283127,
            1.8838499645418203
        ],
        [
            3.7498154422972423,
            1.8849060364068833
        ],
        [
            3.7439089778286965,
            1.8867550005602003
        ],
        [
            3.735558030296052,
            1.889341830726238
        ],
        [
            3.7248719044064864,
            1.892605425512456
        ],
        [
            3.7119575071714195,
            1.8964800245293132
        ],
        [
            3.696919020017747,
            1.9008964741352452
        ],
        [
            3.679857704451765,
            1.9057833447052959
        ],
        [
            3.660871813262209,
            1.9110679058020936
        ],
        [
            3.640056583068813,
            1.916676968581614
        ],
        [
            3.617504287773841,
            1.9225376064197865
        ],
        [
            3.593304335797503,
            1.9285777659322572
        ],
        [
            3.5675433974365465,
            1.934726779767309
        ],
        [
            3.540305550880392,
            1.9409157936697699
        ],
        [
            3.511672438347282,
            1.947078118069857
        ],
        [
            3.4817234253735077,
            1.9531495147150921
        ],
        [
            3.4505357581117497,
            1.9590684274258212
        ],
        [
            3.4181847148034246,
            1.9647761651727602
        ],
        [
            3.384743748678597,
            1.970217044704897
        ],
        [
            3.350284620404594,
            1.975338499034908
        ],
        [
            3.314877518886778,
            1.9800911572347655
        ],
        [
            3.278591169754513,
            1.9844289002155966
        ],
        [
            3.241492931270008,
            1.988308896466584
        ],
        [
            3.203648877701642,
            1.9916916211069375
        ],
        [
            3.165123870426828,
            1.9945408610590905
        ],
        [
            3.1259816171893537,
            1.9968237086750786
        ],
        [
            3.0862847200465047,
            1.9985105457353027
        ],
        [
            3.0460947126133564,
            1.9995750193831983
        ],
        [
            3.0054720872548044,
            1.9999940112542263
        ],
        [
            2.964476312897449,
            1.9997476007969948
        ],
        [
            2.923165844139333,
            1.9988190235625747
        ],
        [
            2.881598122330369,
            1.9971946250500399
        ],
        [
            2.8398295692837614,
            1.994863810537423
        ],
        [
            2.797915574261686,
            1.9918189911936135
        ],
        [
            2.7559104748590793,
            1.9880555266548467
        ],
        [
            2.71386753238951,
            1.9835716641558894
        ],
        [
            2.6718389023584947,
            1.9783684742263734
        ],
        [
            2.629875600590081,
            1.9724497829065026
        ],
        [
            2.588027465551479,
            1.9658221004060423
        ],
        [
            2.5463431174255153,
            1.9584945460271115
        ],
        [
            2.504869914454498,
            1.9504787692021548
        ],
        [
            2.4636539070702006,
            1.9417888664867402
        ],
        [
            2.4227397903312315,
            1.9324412942995675
        ],
        [
            2.3821708551828817,
            1.922454777220598
        ],
        [
            2.341988939055558,
            1.91185021166844
        ],
        [
            2.302234376321849,
            1.9006505647951455
        ],
        [
            2.2629459491375474,
            1.88888076846357
        ],
        [
            2.224160839198494,
            1.876567608208525
        ],
        [
            2.185914580952059,
            1.8637396071280166
        ],
        [
            2.1482410168088935,
            1.8504269047047792
        ],
        [
            2.111172254906228,
            1.8366611306209328
        ],
        [
            2.074738629977706,
            1.822475273699518
        ],
        [
            2.0389686678854186,
            1.8079035461853543
        ],
        [
            2.0038890543664847,
            1.7929812436632122
        ],
        [
            1.9695246085381641,
            1.777744601002646
        ],
        [
            1.93589826169105,
            1.762230644814429
        ],
        [
            1.9030310418784828,
            1.7464770430016507
        ],
        [
            1.8709420647810289,
            1.7305219520870323
        ],
        [
            1.8396485312871185,
            1.71440386309446
        ],
        [
            1.8091657321840966,
            1.6981614468544142
        ],
        [
            1.7795070602979683,
            1.6818333996871035
        ],
        [
            1.7506840303549418,
            1.6654582904905713
        ],
        [
            1.7227063067639894,
            1.6490744103209982
        ],
        [
            1.6955817394378039,
            1.6327196255959033
        ],
        [
            1.6693164076808715,
            1.6164312360754736
        ],
        [
            1.6439146720793802,
            1.6002458387805536
        ],
        [
            1.6193792342302835,
            1.58419919898631
        ],
        [
            1.595711204047991,
            1.5683261293872672
        ],
        [
            1.572910174289417,
            1.5526603784620348
        ],
        [
            1.5509743018437976,
            1.5372345289752023
        ],
        [
            1.5299003952454246,
            1.5220799074410212
        ],
        [
            1.509684007787646,
            1.5072265052409135
        ],
        [
            1.4903195355474597,
            1.4927029119374646
        ],
        [
            1.4718003195737734,
            1.4785362611652662
        ],
        [
            1.454118751450554,
            1.4647521893077602
        ],
        [
            1.437266381419827,
            1.4513748069938759
        ],
        [
            1.4212340282394784,
            1.4384266832732386
        ],
        [
            1.4060118899572198,
