{
    "mechanism_template_name": "FourBarLinkage_TypeA",
    "variation_id": "4f9343d858",
    "parameters": {
        "r_O2A": 0.8,
        "r_AB": 2.0,
        "r_O4B": 2.5,
        "O4_x": 3.0,
        "O4_y": 0.5,
        "output_joint_name": "B",
        "input_revolutions": 1,
        "num_steps": 180
    },
    "output_joint_name": "B",
    "path_xy_coordinates": [
        [
            0.9930311478063022,
            1.9906629488631624
        ],
        [
            1.0126256436616332,
            2.0166882237525403
        ],
        [
            1.0324585784832498,
            2.042329651823779
        ],
        [
            1.0524681421469806,
            2.067520227265335
        ],
        [
            1.0725878759666867,
            2.0921942420162254
        ],
        [
            1.092747172700017,
            2.1162879238760772
        ],
        [
            1.1128718707822323,
            2.1397400476787505
        ],
        [
            1.1328849322376016,
            2.1624925033632536
        ],
        [
            1.1527071904352204,
            2.184490806068607
        ],
        [
            1.1722581512015848,
            2.205684535364833
        ],
        [
            1.1914568288258587,
            2.226027693314446
        ],
        [
            1.2102225973121936,
            2.2454789740877836
        ],
        [
            1.2284760369037357,
            2.264001941152776
        ],
        [
            1.2461397564255763,
            2.2815651114322226
        ],
        [
            1.2631391733173696,
            2.2981419490774613
        ],
        [
            1.2794032352469353,
            2.3137107744720935
        ],
        [
            1.2948650697689865,
            2.328254596609872
        ],
        [
            1.3094625514477873,
            2.3417608789834214
        ],
        [
            1.3231387790191895,
            2.3542212505157742
        ],
        [
            1.3358424583505606,
            2.365631173849633
        ],
        [
            1.347528190008032,
            2.375989583505045
        ],
        [
            1.3581566630267268,
            2.385298506083292
        ],
        [
            1.367694758901163,
            2.3935626739162403
        ],
        [
            1.3761155718042257,
            2.4007891424338688
        ],
        [
            1.3833983525723006,
            2.406986920151535
        ],
        [
            1.389528385059942,
            2.4121666186634894
        ],
        [
            1.3944968040934729,
            2.4163401284623225
        ],
        [
            1.3983003644815915,
            2.419520324864261
        ],
        [
            1.400941170430408,
            2.4217208068694176
        ],
        [
            1.4024263743339156,
            2.4229556704639963
        ],
        [
            1.4027678532724361,
            2.423239316741406
        ],
        [
            1.4019818708191436,
            2.422586294242458
        ],
        [
            1.4000887309276677,
            2.42101117411975
        ],
        [
            1.3971124297330542,
            2.418528456155702
        ],
        [
            1.3930803102187208,
            2.4151525032191934
        ],
        [
            1.3880227238274436,
            2.410897501462295
        ],
        [
            1.3819727022704191,
            2.4057774434049666
        ],
        [
            1.3749656420346636,
            2.3998061310088263
        ],
        [
            1.3670390034140851,
            2.392997195880826
        ],
        [
            1.358232025298179,
            2.3853641338543614
        ],
        [
            1.3485854564451458,
            2.376920351351023
        ],
        [
            1.3381413035406025,
            2.3676792211152815
        ],
        [
            1.3269425959940666,
            2.3576541451236075
        ],
        [
            1.3150331671465387,
            2.3468586226879733
        ],
        [
            1.30245745134636,
            2.335306321992766
        ],
        [
            1.289260296188629,
            2.323011153517865
        ],
        [
            1.2754867890980073,
            2.3099873440043965
        ],
        [
            1.2611820973648245,
            2.296249509804546
        ],
        [
            1.2463913207096338,
            2.281812728623005
        ],
        [
            1.231159355428592,
            2.2666926088193
        ],
        [
            1.2155307691795747,
            2.250905355577331
        ],
        [
            1.1995496855026886,
            2.234467833359117
        ],
        [
            1.1832596772072954,
            2.217397624160063
        ],
        [
            1.1667036678048628,
            2.199713081168083
        ],
        [
            1.149923840222853,
            2.181433377497114
        ],
        [
            1.1329615520957654,
            2.162578549719512
        ],
        [
            1.1158572569931724,
            2.143169535963147
        ],
        [
            1.0986504310097822,
            2.123228208369154
        ],
        [
            1.0813795042082979,
            2.1027773997265014
        ],
        [
            1.0640817964713216,
            2.081840924111292
        ],
        [
            1.046793457383304,
            2.0604435913633243
        ],
        [
            1.0295494098272266,
            2.038611215231342
        ],
        [
            1.0123832970430768,
            2.016370615012994
        ],
        [
            0.9953274329561714,
            1.9937496105072823
        ],
        [
            0.9784127556429032,
            1.9707770100876325
        ],
        [
            0.9616687838594724,
            1.9474825916943415
        ],
        [
            0.9451235766155823,
            1.9238970765375392
        ],
        [
            0.9288036958297468,
            1.9000520952978368
        ],
        [
            0.9127341721556377,
            1.8759801466131867
        ],
        [
            0.8969384741194025,
            1.8517145476491383
        ],
        [
            0.8814384807557448,
            1.8272893765675255
        ],
        [
            0.8662544579751105,
            1.8027394067376235
        ],
        [
            0.8514050389348506,
            1.7781000325758918
        ],
        [
            0.8369072087228089,
            1.7534071869572583
        ],
        [
            0.8227762936912668,
            1.728697250214177
        ],
        [
            0.8090259558014367,
            1.704006950830395
        ],
        [
            0.7956681923522547,
            1.679373258045404
        ],
        [
            0.7827133414707865,
            1.6548332667127414
        ],
        [
            0.7701700937335937,
            1.6304240749001364
        ],
        [
            0.7580455102676367,
            1.6061826548800926
        ],
        [
            0.7463450476444823,
            1.582145718333254
        ],
        [
            0.7350725898319269,
            1.5583495767697468
        ],
        [
            0.7242304874021879,
            1.5348299983605544
        ],
        [
            0.713819604115588,
            1.5116220625555534
        ],
        [
            0.7038393709038325,
            1.4887600140399357
        ],
        [
            0.6942878471690026,
            1.4662771177381804
        ],
        [
            0.6851617891953998,
            1.444205516706102
        ],
        [
            0.676456725344457,
            1.4225760948481523
        ],
        [
            0.6681670375717145,
            1.4014183464510985
        ],
        [
            0.6602860486737745,
            1.3807602545294784
        ],
        [
            0.6528061145469872,
            1.3606281799274411
        ],
        [
