{
    "mechanism_template_name": "FourBarLinkage_TypeA",
    "variation_id": "e276540bb8",
    "parameters": {
        "r_O2A": 1.2,
        "r_AB": 3.0,
        "r_O4B": 2.5,
        "O4_x": 2.0,
        "O4_y": 0.5,
        "output_joint_name": "B",
        "input_revolutions": 1,
        "num_steps": 180
    },
    "output_joint_name": "B",
    "path_xy_coordinates": [
        [
            1.6183175564814314,
            2.9706919096297084
        ],
        [
            1.7627536641781163,
            2.9887173757056407
        ],
        [
            1.9094523807554593,
            2.9983596876048972
        ],
        [
            2.0562062085436987,
            2.999368092562846
        ],
        [
            2.2006176213153217,
            2.9919375132650914
        ],
        [
            2.340257409645204,
            2.976736743213036
        ],
        [
            2.4728431173317973,
            2.954876654007654
        ],
        [
            2.5964084458715257,
            2.927817325437199
        ],
        [
            2.7094338503931255,
            2.8972283186873002
        ],
        [
            2.810917026236724,
            2.864828445481694
        ],
        [
            2.9003768365298495,
            2.832235312364618
        ],
        [
            2.977799724887533,
            2.8008493427449483
        ],
        [
            3.043548209205678,
            2.771785010748953
        ],
        [
            3.098254058449971,
            2.7458490650749807
        ],
        [
            3.1427152365821343,
            2.7235561355817035
        ],
        [
            3.1778088125065413,
            2.7051681117746913
        ],
        [
            3.20442497673883,
            2.690744274307246
        ],
        [
            3.22342201304909,
            2.680192325916976
        ],
        [
            3.2355990720028083,
            2.6733142739295865
        ],
        [
            3.241682501159892,
            2.6698443645291863
        ],
        [
            3.2423216082291426,
            2.669478513778038
        ],
        [
            3.238090437593324,
            2.671895961675886
        ],
        [
            3.2294929991602492,
            2.6767744405461706
        ],
        [
            3.216970177398768,
            2.6838002626891795
        ],
        [
            3.2009071751543736,
            2.692674612581065
        ],
        [
            3.1816408053140393,
            2.703117111556667
        ],
        [
            3.159466255964942,
            2.714867490683489
        ],
        [
            3.1346431563981594,
            2.7276859984398643
        ],
        [
            3.107400894902291,
            2.741352997181652
        ],
        [
            3.0779432093932173,
            2.755668068960463
        ],
        [
            3.046452108621329,
            2.770448850858595
        ],
        [
            3.013091197211457,
            2.78552974737436
        ],
        [
            2.9780084811839407,
            2.8007606156941183
        ],
        [
            2.941338727284351,
            2.8160054836955224
        ],
        [
            2.903205442844316,
            2.8311413359138604
        ],
        [
            2.8637225350313766,
            2.846056986193532
        ],
        [
            2.8229957003671173,
            2.860652044916349
        ],
        [
            2.7811235879028873,
            2.8748359817931295
        ],
        [
            2.738198772717314,
            2.888527280976837
        ],
        [
            2.6943085705285554,
            2.901652682826266
        ],
        [
            2.649535719181932,
            2.914146505409238
        ],
        [
            2.6039589485141272,
            2.925950038363479
        ],
        [
            2.5576534565203506,
            2.9370110017459754
        ],
        [
            2.5106913067681647,
            2.9472830628047104
        ],
        [
            2.463141759522312,
            2.9567254040723627
        ],
        [
            2.415071546989017,
            2.9653023367256774
        ],
        [
            2.3665451013855328,
            2.972982953723478
        ],
        [
            2.31762474313096,
            2.9797408177977487
        ],
        [
            2.268370835285229,
            2.985553679908535
        ],
        [
            2.218841909518468,
            2.990403224106148
        ],
        [
            2.1690947671520453,
            2.994274836444812
        ],
        [
            2.119184561157591,
            2.9971573919922774
        ],
        [
            2.0691648592290997,
            2.9990430613032286
        ],
        [
            2.0190876929096193,
            2.9999271309338944
        ],
        [
            1.9690035941429975,
            2.9998078371794734
        ],
        [
            1.9189616213756358,
            2.9986862110296872
        ],
        [
            1.8690093769101173,
            2.996565932768946
        ],
        [
            1.8191930169857056,
            2.993453194847101
        ],
        [
            1.7695572558696915,
            2.989356571822854
        ],
        [
            1.7201453650821454,
            2.984286896337644
        ],
        [
            1.670999168739882,
            2.978257140215696
        ],
        [
            1.6221590358892124,
            2.971282299908239
        ],
        [
            1.5736638705977493,
            2.9633792856087418
        ],
        [
            1.525551100490485,
            2.954566813463046
        ],
        [
            1.477856664341906,
            2.9448653003852296
        ],
        [
            1.4306149992723127,
            2.93429676106802
        ],
        [
            1.3838590280408196,
            2.92288470684701
        ],
        [
            1.3376201468785158,
            2.9106540461415626
        ],
        [
            1.2919282142616497,
            2.8976309862531453
        ],
        [
            1.2468115409854592,
            2.883842936354496
        ],
        [
            1.2022968818636266,
            2.8693184115511863
        ],
        [
            1.1584094293454674,
            2.8540869379411866
        ],
        [
            1.115172809312358,
            2.838178958638485
        ],
        [
            1.0726090792859528,
            2.821625740763806
        ],
        [
            1.0307387292531864,
            2.8044592834394395
        ],
        [
            0.9895806852863158,
            2.7867122268561637
        ],
        [
            0.949152316110335,
            2.7684177625084136
        ],
        [
            0.9094694427445249,
            2.7496095447192648
        ],
        [
            0.8705463513197365,
            2.730321603599534
        ],
        [
            0.832395809147993,
            2.710588259605301
        ],
        [
            0.795029084096206,
            2.6904440398754623
        ],
        [
            0.7584559672911215,
            2.669923596545497
        ],
        [
            0.7226847991581842,
            2.6490616272453433
        ],
        [
            0.6877224987728114,
            2.627892797998269
        ],
        [
            0.6535745964787987,
            2.606451668743612
        ],
        [
            0.6202452697799821,
            2.584772621653225
        ],
        [
            0.5877373819560359,
            2.5628897928141092
        ],
        [
            0.5560525244597829,
            2.540837006613371
        ],
        [
            0.5251910613690836,
            2.518647714256852
        ],
        [
            0.49515217696072655,
            2.4963549356988946
        ],
        [
            0.4659339257380908,
            2.473991205564265
        ],
        [
            0.43753328481081466,
