{
    "mechanism_template_name": "FourBarLinkage_TypeA",
    "variation_id": "0713383d6d",
    "parameters": {
        "r_O2A": 0.8,
        "r_AB": 2.0,
        "r_O4B": 2.5,
        "O4_x": 2.0,
        "O4_y": -0.5,
        "output_joint_name": "B",
        "input_revolutions": 1,
        "num_steps": 180
    },
    "output_joint_name": "B",
    "path_xy_coordinates": [
        [
            1.365940564323268,
            1.9182573543853445
        ],
        [
            1.4157459616873873,
            1.9307709103730475
        ],
        [
            1.4642018795672613,
            1.9419091658252277
        ],
        [
            1.5110683861018006,
            1.951723042460446
        ],
        [
            1.5561293358575257,
            1.9602802347526151
        ],
        [
            1.599194619742209,
            1.9676618583503496
        ],
        [
            1.6401014409190422,
            1.9739589784740048
        ],
        [
            1.6787146880436747,
            1.97926919642095
        ],
        [
            1.7149265166636503,
            1.9836934410468363
        ],
        [
            1.7486552740383283,
            1.9873330755513567
        ],
        [
            1.7798439129755035,
            1.9902873925204885
        ],
        [
            1.8084580387915152,
            1.992651535433052
        ],
        [
            1.8344837230692472,
            1.9945148550512264
        ],
        [
            1.8579252015143464,
            1.9959596854988355
        ],
        [
            1.8788025536387285,
            1.9970605076761003
        ],
        [
            1.8971494414953678,
            1.997883456571853
        ],
        [
            1.9130109649422014,
            1.9984861231913484
        ],
        [
            1.9264416730560083,
            1.9989176001887952
        ],
        [
            1.9375037560924246,
            1.999218721720718
        ],
        [
            1.9462654290094774,
            1.9994224524013875
        ],
        [
            1.9527995103684823,
            1.999554383017857
        ],
        [
            1.9571821885341794,
            1.9996333001043112
        ],
        [
            1.9594919666783146,
            1.9996717983031704
        ],
        [
            1.9598087720718294,
            1.9996769121626112
        ],
        [
            1.9582132140074655,
            1.9996507485080013
        ],
        [
            1.9547859740154911,
            1.9995911049314634
        ],
        [
            1.9496073120913997,
            1.9994920638005793
        ],
        [
            1.9427566733203672,
            1.9993445543874855
        ],
        [
            1.9343123803271807,
            1.9991368783274925
        ],
        [
            1.92435139824261,
            1.9988551956937157
        ],
        [
            1.9129491602407829,
            1.998483970588603
        ],
        [
            1.9001794430828496,
            1.9980063763738114
        ],
        [
            1.8861142834415237,
            1.9974046615532028
        ],
        [
            1.8708239270409828,
            1.9966604779508936
        ],
        [
            1.8543768038074586,
            1.9957551732375032
        ],
        [
            1.8368395232797798,
            1.994670050094998
        ],
        [
            1.8182768854032436,
            1.993386594501445
        ],
        [
            1.798751902784606,
            1.9918866754705928
        ],
        [
            1.7783258310064092,
            1.9901527187747532
        ],
        [
            1.7570582043842191,
            1.9881678568702512
        ],
        [
            1.7350068749684158,
            1.985916057252195
        ],
        [
            1.712228053077903,
            1.9833822312688758
        ],
        [
            1.6887763480191296,
            1.9805523252824146
        ],
        [
            1.6647048079578215,
            1.9774133959048055
        ],
        [
            1.6400649581721525,
            1.9739536708835637
        ],
        [
            1.614906837132367,
            1.9701625970621688
        ],
        [
            1.589279030029801,
            1.9660308766998857
        ],
        [
            1.563228699523736,
            1.9615504933047003
        ],
        [
            1.5368016135926639,
            1.9567147280129245
        ],
        [
            1.5100421704717533,
            1.9515181674398194
        ],
        [
            1.4829934207343933,
            1.945956703827223
        ],
        [
            1.4556970866357903,
            1.9400275282264752
        ],
        [
            1.4281935788834972,
            1.9337291173773012
        ],
        [
            1.4005220110356957,
            1.9270612148752133
        ],
        [
            1.372720211755099,
            1.920024807160504
        ],
        [
            1.3448247351658473,
            1.9126220948106727
        ],
        [
            1.3168708695716491,
            1.9048564595777482
        ],
        [
            1.2888926448026494,
            1.8967324275734447
        ],
        [
            1.2609228384685207,
            1.888255628965621
        ],
        [
            1.2329929813857274,
            1.879432754537909
        ],
        [
            1.205133362446345,
            1.8702715094405753
        ],
        [
            1.1773730331937602,
            1.8607805644397386
        ],
        [
            1.149739812360951,
            1.8509695049621795
        ],
        [
            1.1222602906170969,
            1.840848778223905
        ],
        [
            1.0949598357569539,
            1.8304296387236296
        ],
        [
            1.067862598554526,
            1.8197240923775042
        ],
        [
            1.0409915194882022,
            1.808744839568241
        ],
        [
            1.0143683365289824,
            1.7975052173797388
        ],
        [
            0.9880135941667105,
            1.786019141286994
        ],
        [
            0.9619466538315716,
            1.7743010465700237
        ],
        [
            0.9361857058495814,
            1.7623658297194704
        ],
        [
            0.9107477830515319,
            1.7502287901000009
        ],
        [
            0.8856487761350167,
            1.7379055721354164
        ],
        [
            0.8609034508588713,
            1.7254121082761251
        ],
        [
            0.8365254671288256,
            1.712764563005179
        ],
        [
            0.8125274000125163,
            1.69997927813316
        ],
        [
            0.7889207627014819,
            1.687072719624723
        ],
        [
            0.765716031417526,
            1.6740614261904376
        ],
        [
            0.7429226722411139,
            1.6609619598666536
        ],
        [
            0.7205491698204742,
            1.6477908587934509
        ],
        [
            0.6986030579020207,
            1.6345645923863694
        ],
        [
            0.6770909516057743,
            1.6212995190816095
        ],
        [
            0.6560185813539179,
            1.6080118468169073
        ],
        [
            0.6353908283465404,
            1.5947175963914682
        ],
        [
            0.6152117614662816,
            1.5814325678284324
        ],
        [
            0.5954846754830747,
            1.5681723098425355
        ],
        [
            0.5762121304216046,
            1.5549520924942177
        ],
        [
            0.5573959919476029,
            1.5417868830897161
        ],
        [
            0.5390374726246813,
            1.5286913253648797
        ],
        [
            0.5211371738911339,
            1.5156797219689708
        ],
        [
            0.5036951286060092,
            1.5027660202437165
        ],
        [
