{
    "mechanism_template_name": "FourBarLinkage_TypeA",
    "variation_id": "ae63496fe3",
    "parameters": {
        "r_O2A": 0.8,
        "r_AB": 2.0,
        "r_O4B": 1.5,
        "O4_x": 3.0,
        "O4_y": 0.5,
        "output_joint_name": "B",
        "input_revolutions": 1,
        "num_steps": 180
    },
    "output_joint_name": "B",
    "path_xy_coordinates": [
        [
            1.9890570338656748,
            1.6081490509945164
        ],
        [
            2.005886398428106,
            1.6232711815316307
        ],
        [
            2.0223221434084704,
            1.6376053835952784
        ],
        [
            2.0382909204841484,
            1.651136675812673
        ],
        [
            2.0537200992447238,
            1.663853233629508
        ],
        [
            2.0685384911979394,
            1.6757463406761195
        ],
        [
            2.082677058466087,
            1.6868102716644853
        ],
        [
            2.0960695910234746,
            1.6970421110916385
        ],
        [
            2.108653337547557,
            1.7064415142655978
        ],
        [
            2.1203695767523527,
            1.7150104190972097
        ],
        [
            2.1311641183660512,
            1.7227527185860299
        ],
        [
            2.1409877255638006,
            1.7296739049013299
        ],
        [
            2.1497964535137273,
            1.7357806963896678
        ],
        [
            2.1575519015777784,
            1.7410806587362024
        ],
        [
            2.1642213794774547,
            1.745581830911605
        ],
        [
            2.1697779902566796,
            1.7492923655221886
        ],
        [
            2.17420063504733,
            1.752220191840359
        ],
        [
            2.177473946397605,
            1.7543727082289475
        ],
        [
            2.179588158223621,
            1.755756508991282
        ],
        [
            2.1805389212863355,
            1.7563771489772964
        ],
        [
            2.1803270735025926,
            1.756238947639802
        ],
        [
            2.1789583744177876,
            1.7553448327294088
        ],
        [
            2.176443212844584,
            1.7536962225072876
        ],
        [
            2.1727962961106932,
            1.7512929442262137
        ],
        [
            2.168036328569082,
            1.7481331857687343
        ],
        [
            2.1621856861371374,
            1.744213476652774
        ],
        [
            2.1552700926619375,
            1.7395286941608297
        ],
        [
            2.1473183029293983,
            1.7340720900683044
        ],
        [
            2.1383617961820773,
            1.7278353333153291
        ],
        [
            2.1284344831159734,
            1.720808563949929
        ],
        [
            2.1175724285128563,
            1.712980453733235
        ],
        [
            2.1058135909451123,
            1.7043382689044781
        ],
        [
            2.0931975803711005,
            1.6948679307203762
        ],
        [
            2.079765433921103,
            1.6845540694770997
        ],
        [
            2.0655594097530052,
            1.67338006776093
        ],
        [
            2.050622798525584,
            1.6613280886230526
        ],
        [
            2.034999751786771,
            1.648379084198698
        ],
        [
            2.0187351263945392,
            1.6345127799492483
        ],
        [
            2.0018743439686855,
            1.6197076291470052
        ],
        [
            1.98446326430218,
            1.6039407313805603
        ],
        [
            1.9665480716307646,
            1.5871877076460281
        ],
        [
            1.948175172659377,
            1.569422522883641
        ],
        [
            1.929391105264531,
            1.5506172444471185
        ],
        [
            1.910242456823654,
            1.5307417217051793
        ],
        [
            1.8907757911556988,
            1.5097631674043228
        ],
        [
            1.8710375830802795,
            1.487645615024339
        ],
        [
            1.8510741595998663,
            1.4643492173058428
        ],
        [
            1.8309316466588514,
            1.4398293381456617
        ],
        [
            1.810655920299788,
            1.4140353711276608
        ],
        [
            1.7902925607634224,
            1.3869091898355652
        ],
        [
            1.7698868075660519,
            1.358383092406012
        ],
        [
            1.749483512598291,
            1.3283770365825018
        ],
        [
            1.7291270870374287,
            1.2967948538356344
        ],
        [
            1.7088614335748333,
            1.2635189600073786
        ],
        [
            1.6887298518745006,
            1.2284027722602708
        ],
        [
            1.6687748922424124,
            1.1912595116725266
        ],
        [
            1.6490381118384672,
            1.1518450557743807
        ],
        [
            1.629559640863161,
            1.109830486325553
        ],
        [
            1.6103773601366065,
            1.0647556274913583
        ],
        [
            1.5915252264676383,
            1.0159445826135198
        ],
        [
            1.5730295352719417,
            0.9623367742250605
        ],
        [
            1.5548994195709163,
            0.9020998787037214
        ],
        [
            1.537097164950929,
            0.8315347571858118
        ],
        [
            1.5194003870307857,
            0.7404678483188123
        ],
        [
            1.4983826500645812,
            0.5532625015728039
        ],
        [
            1.4771246026253144,
            0.5456523837913314
        ],
        [
            1.4563631425440071,
            0.5337246599780311
        ],
        [
            1.4364652396450779,
            0.531457705924413
        ],
        [
            1.4170714270247282,
            0.5245293851984513
        ],
        [
            1.398275758762754,
            0.5118207396722712
        ],
        [
            1.3801990055148043,
            0.5022417319971638
        ],
        [
            1.3628163138938776,
            0.49184063357696683
        ],
        [
            1.3461546230335109,
            0.48043260404721666
        ],
        [
            1.3301779523603219,
            0.4719856833635081
        ],
        [
            1.3150346748006574,
            0.457918021818054
        ],
        [
            1.3004887607733324,
            0.4503142623290481
        ],
        [
            1.2867896399145633,
            0.4389132578346174
        ],
        [
            1.2740391345895545,
            0.42329177837149834
        ],
        [
            1.2595816862452285,
            0.451519551368385
        ],
        [
            1.2506735891394736,
            0.3986466094939489
        ],
        [
            1.2400290026650933,
            0.3889123652238149
        ],
        [
            1.2285785291743458,
            0.39954244820456464
        ],
        [
            1.2215780530971916,
            0.3627942462653898
        ],
        [
            1.208458105840779,
            0.402189916222058
        ],
        [
            1.206398372700848,
            0.33729519002320063
        ],
        [
            1.2035426341351587,
            0.2859224629313639
        ],
        [
            1.1949389272730777,
            0.30837169440187195
        ],
        [
            1.1416356285148699,
            0.562043596905206
        ],
        [
            1.186750285402654,
            0.281324755244603
        ],
        [
            1.1761223183158205,
            0.32295336755037546
        ],
        [
            1.1820724004897043,
            0.25405969619582347
        ],
        [
