{
    "mechanism_template_name": "FourBarLinkage_TypeA",
    "variation_id": "206b0147c4",
    "parameters": {
        "r_O2A": 0.8,
        "r_AB": 3.0,
        "r_O4B": 2.5,
        "O4_x": 2.0,
        "O4_y": -0.5,
        "output_joint_name": "B",
        "input_revolutions": 1,
        "num_steps": 180
    },
    "output_joint_name": "B",
    "path_xy_coordinates": [
        [
            3.3249980508338988,
            1.6199953219947922
        ],
        [
            3.3535508649918357,
            1.601880124050873
        ],
        [
            3.379087372623239,
            1.5852141421617438
        ],
        [
            3.4016695491981785,
            1.5701020445501541
        ],
        [
            3.4213746477401434,
            1.5566220145572909
        ],
        [
            3.438291579442833,
            1.544826968842086
        ],
        [
            3.452517620639324,
            1.534746313851512
        ],
        [
            3.464155512998287,
            1.5263880758030377
        ],
        [
            3.473310987949714,
            1.5197412538470918
        ],
        [
            3.4800907169091175,
            1.5147782680952755
        ],
        [
            3.484600668559426,
            1.5114573957429336
        ],
        [
            3.4869448374006997,
            1.5097251181505433
        ],
        [
            3.4872243018078977,
            1.5095183194269888
        ],
        [
            3.485536564521356,
            1.5107663005606065
        ],
        [
            3.481975128951809,
            1.5133925889323905
        ],
        [
            3.476629267190754,
            1.517316536212212
        ],
        [
            3.469583939639583,
            1.5224547076147275
        ],
        [
            3.460919831052367,
            1.5287220724478634
        ],
        [
            3.450713472923138,
            1.5360330104094284
        ],
        [
            3.4390374271564594,
            1.5443021506727947
        ],
        [
            3.4259605106083018,
            1.5534450618873017
        ],
        [
            3.4115480442071804,
            1.5633788112941165
        ],
        [
            3.3958621139751646,
            1.5740224103830234
        ],
        [
            3.3789618342789725,
            1.5852971633807966
        ],
        [
            3.3609036061538147,
            1.5971269333923095
        ],
        [
            3.341741365578025,
            1.609438339439798
        ],
        [
            3.3215268181969857,
            1.622160896065041
        ],
        [
            3.3003096582665234,
            1.6352271056306389
        ],
        [
            3.278137770564689,
            1.6485725120312709
        ],
        [
            3.255057414759773,
            1.6621357232274667
        ],
        [
            3.231113392268141,
            1.6758584088532547
        ],
        [
            3.2063491960276296,
            1.6896852781262504
        ],
        [
            3.180807143884078,
            1.7035640423986897
        ],
        [
            3.154528496467539,
            1.7174453659215017
        ],
        [
            3.1275535605429434,
            1.7312828077394724
        ],
        [
            3.0999217788753994,
            1.745032757081793
        ],
        [
            3.0716718076668417,
            1.7586543641468437
        ],
        [
            3.0428415826095363,
            1.7721094677913807
        ],
        [
            3.013468374571454,
            1.7853625213117739
        ],
        [
            2.983588835885266,
            1.7983805172389233
        ],
        [
            2.9532390381613567,
            1.8111329118511361
        ],
        [
            2.9224545024885358,
            1.8235915499353732
        ],
        [
            2.8912702228286205,
            1.835730590185059
        ],
        [
            2.859720683359985,
            1.847526431492023
        ],
        [
            2.827839870468301,
            1.858957640304437
        ],
        [
            2.795661280020587,
            1.870004879176144
        ],
        [
            2.763217920514821,
            1.8806508365605883
        ],
        [
            2.730542312653906,
            1.8908801578522993
        ],
        [
            2.697666485846859,
            1.900679377655306
        ],
        [
            2.6646219720993067,
            1.910036853237711
        ],
        [
            2.6314397977187824,
            1.9189426991163807
        ],
        [
            2.5981504732265286,
            1.9273887227065658
        ],
        [
            2.5647839818365656,
            1.935368360967022
        ],
        [
            2.5313697668343154,
            1.9428766179708048
        ],
        [
            2.4979367181610135,
            1.9499100033344137
        ],
        [
            2.464513158486183,
            1.9564664714427404
        ],
        [
            2.431126829028408,
            1.9625453614137551
        ],
        [
            2.397804875364287,
            1.9681473377546501
        ],
        [
            2.364573833446578,
            1.9732743316697872
        ],
        [
            2.3314596160350076,
            1.977929482990028
        ],
        [
            2.2984874997267704,
            1.982117082702596
        ],
        [
            2.2656821127583333,
            1.9858425160702549
        ],
        [
            2.2330674237355517,
            1.9891122063381796
        ],
        [
            2.2006667314352804,
            1.9919335590362268
        ],
        [
            2.1685026558084353,
            1.994314906893282
        ],
        [
            2.1365971303017997,
            1.9962654553888637
        ],
        [
            2.104971395603685,
            1.9977952289750809
        ],
        [
            2.0736459949068062,
            1.9989150180092863
        ],
        [
            2.0426407707703502,
            1.9996363264443244
        ],
        [
            2.011974863652198,
            1.9999713203290055
        ],
        [
            1.981666712171585,
            1.999932777176364
        ],
        [
            1.9517340551521305,
            1.9995340362612866
        ],
        [
            1.92219393548516,
            1.9987889499122709
        ],
        [
            1.8930627058435647,
            1.9977118358642385
        ],
        [
            1.86435603626717,
            1.996317430740664
        ],
        [
            1.8360889236316456,
            1.994620844733571
        ],
        [
            1.808275703004555,
            1.9926375175493696
        ],
        [
            1.780930060884086,
            1.9903831756869639
        ],
        [
            1.7540650503085353,
            1.9878737911121112
        ],
        [
            1.7276931078176059,
            1.9851255413886977
        ],
        [
            1.70182607224024,
            1.982154771323382
        ],
        [
            1.6764752052779115,
            1.9789779561750818
        ],
        [
            1.6516512138472446,
            1.9756116664749874
        ],
        [
            1.6273642741413972,
            1.972072534496305
        ],
        [
            1.6036240573660092,
            1.968377222405759
        ],
        [
            1.5804397571026083,
            1.9645423921210985
        ],
        [
            1.557820118250251,
            1.9605846768905
        ],
        [
            1.535773467494872,
            1.956520654600896
        ],
        [
            1.514307745255297,
            1.952366822812948
        ],
        [
            1.4934305390552116,
            1.948139575510644
        ],
        [
            1.4731491182714578,
            1.9438551815434353
        ],
        [
            1.4534704702109535,
