{
    "mechanism_template_name": "FourBarLinkage_TypeA",
    "variation_id": "e1062ad7f0",
    "parameters": {
        "r_O2A": 1.2,
        "r_AB": 3.0,
        "r_O4B": 2.5,
        "O4_x": 3.0,
        "O4_y": 0.5,
        "output_joint_name": "B",
        "input_revolutions": 1,
        "num_steps": 180
    },
    "output_joint_name": "B",
    "path_xy_coordinates": [
        [
            2.1421624389263685,
            2.848215219865998
        ],
        [
            2.2025090879171447,
            2.869389846594571
        ],
        [
            2.262292727247047,
            2.8886791286666083
        ],
        [
            2.321158228555035,
            2.906070208730715
        ],
        [
            2.3787520676867633,
            2.9215802705251273
        ],
        [
            2.4347296857986436,
            2.935255524967112
        ],
        [
            2.4887625562379165,
            2.9471690330044433
        ],
        [
            2.540544610063302,
            2.9574174949850383
        ],
        [
            2.589797723340255,
            2.966117209749707
        ],
        [
            2.6362760443390716,
            2.9733994590601305
        ],
        [
            2.6797690290243645,
            2.979405599176665
        ],
        [
            2.7201031478033495,
            2.9842821402028763
        ],
        [
            2.7571423148484024,
            2.9881760678785034
        ],
        [
            2.7907871648962645,
            2.9912306175118166
        ],
        [
            2.8209733557836016,
            2.9935816530968022
        ],
        [
            2.8476691060274293,
            2.9953547440678236
        ],
        [
            2.8708721864877322,
            2.996662974407586
        ],
        [
            2.890606576838902,
            2.997605469038137
        ],
        [
            2.9069189758262874,
            2.998266583641311
        ],
        [
            2.9198753240118487,
            2.9987156774209605
        ],
        [
            2.9295574642750206,
            2.999007372683141
        ],
        [
            2.936060028722032,
            2.9991822022267853
        ],
        [
            2.9394876152169918,
            2.9992675429550633
        ],
        [
            2.939952280800512,
            2.9992787502440397
        ],
        [
            2.9375713659271545,
            2.999220411577863
        ],
        [
            2.932465641679852,
            2.9990876556137334
        ],
        [
            2.9247577620566756,
            2.9988674645969446
        ],
        [
            2.914570995629644,
            2.998539950691728
        ],
        [
            2.902028206652849,
            2.9980795679273413
        ],
        [
            2.8872510541364793,
            2.9974562408955725
        ],
        [
            2.870359377749085,
            2.9966363990442018
        ],
        [
            2.8514707410518443,
            2.9955839114707805
        ],
        [
            2.830700105011355,
            2.9942609217009597
        ],
        [
            2.8081596076162585,
            2.992628585228977
        ],
        [
            2.7839584284549623,
            2.9906477148301227
        ],
        [
            2.7582027198892427,
            2.9882793403097274
        ],
        [
            2.730995589737774,
            2.98548518952657
        ],
        [
            2.70243712223564,
            2.982228098680051
        ],
        [
            2.672624426955501,
            2.978472358989386
        ],
        [
            2.6416517069547054,
            2.9741840070964107
        ],
        [
            2.609610339274213,
            2.9693310658754823
        ],
        [
            2.5765889623248914,
            2.963883741833862
        ],
        [
            2.54267356590499,
            2.957814584702227
        ],
        [
            2.507947580592481,
            2.9510986142239313
        ],
        [
            2.472491964075479,
            2.9437134185759026
        ],
        [
            2.43638528264956,
            2.935639228308592
        ],
        [
            2.3997037866464903,
            2.9268589691861058
        ],
        [
            2.3625214789861424,
            2.9173582968452405
        ],
        [
            2.324910176380951,
            2.9071256157750534
        ],
        [
            2.2869395629865252,
            2.8961520847461695
        ],
        [
            2.24867723649651,
            2.884431610489288
        ],
        [
            2.2101887468363945,
            2.871960831132346
        ],
        [
            2.1715376277291503,
            2.858739090652315
        ],
        [
            2.132785421493504,
            2.844768405377219
        ],
        [
            2.09399169749986,
            2.8300534233831574
        ],
        [
            2.0552140647547636,
            2.8146013774668663
        ],
        [
            2.0165081791166415,
            2.7984220322335283
        ],
        [
            1.9779277456670306,
            2.7815276257195896
        ],
        [
            1.939524516775219,
            2.763932805868719
        ],
        [
            1.901348286403521,
            2.745654562092554
        ],
        [
            1.8634468812058176,
            2.726712152076032
        ],
        [
            1.8258661489602406,
            2.707127023950224
        ],
        [
            1.7886499448969326,
            2.686922733881711
        ],
        [
            1.751840116490078,
            2.666124859081404
        ],
        [
            1.7154764872409056,
            2.6447609062731425
        ],
        [
            1.6795968400106909,
            2.62286021560023
        ],
        [
            1.644236900456367,
            2.6004538599518314
        ],
        [
            1.6094303211154046,
            2.5775745397031176
        ],
        [
            1.5752086666853358,
            2.5542564728763484
        ],
        [
            1.541601401040348,
            2.5305352807534303
        ],
        [
            1.5086358765226096,
            2.5064478690030905
        ],
        [
            1.4763373260390589,
            2.48203230442721
        ],
        [
            1.4447288584846836,
            2.4573276874806806
        ],
        [
            1.4138314580000224,
            2.4323740207770697
        ],
        [
            1.38366398755311,
            2.4072120738578304
        ],
        [
            1.3542431973134597,
            2.3818832445749045
        ],
        [
            1.3255837382573694,
            2.356429417514515
        ],
        [
            1.2976981814090622,
            2.3308928199721897
        ],
        [
            1.2705970430805054,
            2.3053158760742436
        ],
        [
            1.2442888164237158,
            2.279741059726996
        ],
        [
            1.218780009552832,
            2.254210747159889
        ],
        [
            1.194075190429198,
            2.228767069909865
        ],
        [
            1.1701770386314823,
            2.2034517691693187
        ],
        [
            1.1470864040550728,
            2.1783060524858158
        ],
        [
            1.124802372501471,
            2.153370453855839
        ],
        [
            1.103322338030527,
            2.128684698294255
        ],
        [
            1.082642081857459,
            2.1042875719835155
        ],
        [
            1.0627558574846885,
            2.080216799109527
        ],
        [
            1.0436564816675142,
            2.0565089264728407
        ],
        [
            1.0253354307248328,
            2.0331992169231343
        ],
        [
            1.007782941623776,
            2.0103215526013303
        ],
        [
            0.9909881171926496,
