{
    "mechanism_template_name": "FourBarLinkage_TypeA",
    "variation_id": "d853c75d4a",
    "parameters": {
        "r_O2A": 1.2,
        "r_AB": 2.0,
        "r_O4B": 1.5,
        "O4_x": 2.0,
        "O4_y": 0.5,
        "output_joint_name": "B",
        "input_revolutions": 1,
        "num_steps": 180
    },
    "output_joint_name": "B",
    "path_xy_coordinates": [
        [
            1.6291101327481816,
            1.9534237876028944
        ],
        [
            1.7189045245670025,
            1.9734263923559723
        ],
        [
            1.810027037390806,
            1.987921460789355
        ],
        [
            1.901061175534093,
            1.9967334796193135
        ],
        [
            1.9904674159892315,
            1.9999697096415257
        ],
        [
            2.0766840260680066,
            1.9980385709817994
        ],
        [
            2.1582408494700736,
            1.9916299251352385
        ],
        [
            2.233867548249055,
            1.981656495236309
        ],
        [
            2.302577336532153,
            1.9691653941667313
        ],
        [
            2.3637125949424873,
            1.955236457858375
        ],
        [
            2.4169481742902494,
            1.9408866089862944
        ],
        [
            2.462258046649857,
            1.9269959699688908
        ],
        [
            2.4998576915342023,
            1.9142638679589101
        ],
        [
            2.5301365506352207,
            1.9031946542374618
        ],
        [
            2.553592684246931,
            1.8941072914048895
        ],
        [
            2.570777412530936,
            1.887160100834119
        ],
        [
            2.582253251775443,
            1.8823824184347995
        ],
        [
            2.5885650933438353,
            1.8797069003587108
        ],
        [
            2.5902226590481217,
            1.878998626822074
        ],
        [
            2.587691563100016,
            1.8800792102908246
        ],
        [
            2.5813903781706498,
            1.8827455399182529
        ],
        [
            2.5716915428461258,
            1.8867836095905517
        ],
        [
            2.5589244876934623,
            1.8919782387110191
        ],
        [
            2.543379854147227,
            1.898119570747414
        ],
        [
            2.5253140772687104,
            1.9050071602035774
        ],
        [
            2.5049538931329964,
            1.912452323375848
        ],
        [
            2.482500530087618,
            1.920279281854514
        ],
        [
            2.458133471301963,
            1.9283254959822098
        ],
        [
            2.432013754671601,
            1.9364414766270723
        ],
        [
            2.4042868211988377,
            1.944490279027507
        ],
        [
            2.375084946502049,
            1.9523468190854374
        ],
        [
            2.3445293003474013,
            1.9598971063750246
        ],
        [
            2.3127316815337657,
            1.9670374553381755
        ],
        [
            2.27979597360251,
            1.9736737132608004
        ],
        [
            2.2458193628561,
            1.979720527952856
        ],
        [
            2.210893355344008,
            1.9851006675211647
        ],
        [
            2.175104624544219,
            1.989744397694885
        ],
        [
            2.1385357168214654,
            1.9935889177296522
        ],
        [
            2.1012656375597283,
            1.996577853186962
        ],
        [
            2.063370337206799,
            1.9986608023039678
        ],
        [
            2.024923113327032,
            1.9997929318483156
        ],
        [
            1.985994942095522,
            1.9999346180261228
        ],
        [
            1.9466547504291636,
            1.9990511279967416
        ],
        [
            1.9069696380554244,
            1.9971123377797184
        ],
        [
            1.8670050574383583,
            1.9940924822198602
        ],
        [
            1.8268249576603846,
            1.9899699342201442
        ],
        [
            1.7864918981691162,
            1.984727008785693
        ],
        [
            1.7460671365200475,
            1.9783497898012175
        ],
        [
            1.705610694040847,
            1.9708279765805878
        ],
        [
            1.6651814025482559,
            1.9621547479491142
        ],
        [
            1.6248369347608045,
            1.9523266418489191
        ],
        [
            1.58463382062111,
            1.9413434487192753
        ],
        [
            1.544627451381026,
            1.9292081171389968
        ],
        [
            1.5048720729990577,
            1.9159266704280729
        ],
        [
            1.4654207701420412,
            1.9015081330922998
        ],
        [
            1.4263254418642322,
            1.8859644661582744
        ],
        [
            1.3876367698536114,
            1.8693105105789742
        ],
        [
            1.3494041799261076,
            1.8515639381289122
        ],
        [
            1.3116757974311155,
            1.8327452090142258
        ],
        [
            1.2744983969858072,
            1.8128775358078588
        ],
        [
            1.2379173467918652,
            1.7919868535259513
        ],
        [
            1.2019765479372593,
            1.7701017951159084
        ],
        [
            1.166718368746293,
            1.7472536722757384
        ],
        [
            1.1321835742821298,
            1.723476461250513
        ],
        [
            1.098411251012631,
            1.6988067933022724
        ],
        [
            1.0654387265887921,
            1.6732839495176943
        ],
        [
            1.03330148463332,
            1.6469498595537702
        ],
        [
            1.0020330743961214,
            1.6198491038212754
        ],
        [
            0.9716650151061064,
            1.5920289184619487
        ],
        [
            0.942226694838361,
            1.563539202279805
        ],
        [
            0.9137452637271662,
            1.5344325245308887
        ],
        [
            0.8862455213947152,
            1.5047641321486531
        ],
        [
            0.8597497985405012,
            1.474591954573743
        ],
        [
            0.8342778327568949,
            1.4439766038563127
        ],
        [
            0.8098466388136247,
            1.4129813670978244
        ],
        [
            0.786470373901045,
            1.3816721875909002
        ],
        [
            0.7641601986535009,
            1.350117630200876
        ],
        [
            0.7429241352049742,
            1.3183888256194582
        ],
        [
            0.7227669240736039,
            1.2865593871324363
        ],
        [
            0.7036898823411362,
            1.2547052925205875
        ],
        [
            0.6856907663930496,
            1.222904722722716
        ],
        [
            0.6687636433493034,
            1.1912378481617747
        ],
        [
            0.6528987767674799,
            1.1597865521253006
        ],
        [
            0.6380825320484098,
            1.1286340831423947
        ],
        [
            0.6242973101092124,
            1.0978646243316343
        ],
        [
            0.6115215168500405,
            1.0675627734705173
        ],
        [
            0.5997295778673701,
            1.0378129274203727
        ],
        [
            0.5888920077895605,
            1.0086985692134312
        ],
        [
            0.5789755433721475,
            0.9803014612360555
        ],
        [
            0.5699433483967118,
            0.9527007545886921
        ],
        [
            0.5617552963658188,
            0.9259720324953377
        ],
        [
