{
    "mechanism_template_name": "FourBarLinkage_TypeA",
    "variation_id": "b4d8de4775",
    "parameters": {
        "r_O2A": 0.8,
        "r_AB": 3.0,
        "r_O4B": 1.5,
        "O4_x": 2.0,
        "O4_y": 0.5,
        "output_joint_name": "B",
        "input_revolutions": 1,
        "num_steps": 180
    },
    "output_joint_name": "B",
    "path_xy_coordinates": [
        [
            3.570278478356319,
            1.1513284294048318
        ],
        [
            3.5923138647369113,
            1.1236260297146516
        ],
        [
            3.565970567937911,
            1.2130528018389672
        ],
        [
            3.6316490626291396,
            1.0621714450186046
        ],
        [
            3.64840681516175,
            1.0293808995887497
        ],
        [
            3.6632894643094502,
            0.9946983029303136
        ],
        [
            3.6775200270871404,
            0.9532688550247458
        ],
        [
            3.6667563849616296,
            0.9966965139139401
        ],
        [
            3.694906750604709,
            0.8828490712846288
        ],
        [
            3.7003997079792605,
            0.8455925001756789
        ],
        [
            3.704225516415906,
            0.8039984519203036
        ],
        [
            3.7043057163332196,
            0.7697058884405046
        ],
        [
            3.703202570184816,
            0.727723274314084
        ],
        [
            3.6985972680839674,
            0.6944214541658267
        ],
        [
            3.6920933932125224,
            0.6590089203275942
        ],
        [
            3.6832770327464877,
            0.6259703779989445
        ],
        [
            3.6725606600803125,
            0.5912468683598666
        ],
        [
            3.659668608603648,
            0.5611044099346727
        ],
        [
            3.6449534376628407,
            0.5327733342779472
        ],
        [
            3.6285568984991787,
            0.5064747791103615
        ],
        [
            3.6105734069499587,
            0.4777401798156015
        ],
        [
            3.591385673961382,
            0.46291923477294294
        ],
        [
            3.5706820070620315,
            0.4382052505762627
        ],
        [
            3.548752639515667,
            0.4157705676182195
        ],
        [
            3.526070810909781,
            0.400467932632995
        ],
        [
            3.5022921381108225,
            0.3838512284330406
        ],
        [
            3.4889257551053663,
            0.6819343172224628
        ],
        [
            3.4607003315438374,
            0.8411078149609453
        ],
        [
            3.4299220133989254,
            0.9531258496267105
        ],
        [
            3.3980964135128273,
            1.0434394340887865
        ],
        [
            3.365628477846102,
            1.1205311116259675
        ],
        [
            3.332677226026138,
            1.1884558164699324
        ],
        [
            3.299319490184325,
            1.2495124164596256
        ],
        [
            3.2655993608465486,
            1.3051448676013582
        ],
        [
            3.2315467762375327,
            1.356325018867801
        ],
        [
            3.1971854697311537,
            1.4037405330428623
        ],
        [
            3.1625366461459943,
            1.4478969070355818
        ],
        [
            3.127620758289383,
            1.489177145647385
        ],
        [
            3.0924583749354952,
            1.5278787375126335
        ],
        [
            3.0570705913128267,
            1.5642376449738762
        ],
        [
            3.0214792009815086,
            1.59844446466842
        ],
        [
            2.985706740700907,
            1.6306556599317523
        ],
        [
            2.949776467345982,
            1.6610015771199504
        ],
        [
            2.9137122990194024,
            1.6895922976466193
        ],
        [
            2.8775387381931603,
            1.7165219944456633
        ],
        [
            2.841280786877005,
            1.7418722307997174
        ],
        [
            2.8049638594217683,
            1.7657144958578823
        ],
        [
            2.7686136960662746,
            1.788112179206198
        ],
        [
            2.7322562788988676,
            1.8091221264699398
        ],
        [
            2.6959177510750023,
            1.8287958773787194
        ],
        [
            2.6596243396566885,
            1.8471806599459555
        ],
        [
            2.6234022821718472,
            1.8643201950359214
        ],
        [
            2.5872777568470773,
            1.8802553518507277
        ],
        [
            2.551276816395581,
            1.8950246849803978
        ],
        [
            2.5154253252130343,
            1.9086648764446927
        ],
        [
            2.4797488998300388,
            1.9212111008262538
        ],
        [
            2.4442728524793123,
            1.9326973276131298
        ],
        [
            2.4090221376525656,
            1.94315657186254
        ],
        [
            2.3740213015419145,
            1.9526211020058915
        ],
        [
            2.339294434281433,
            1.9611226118521219
        ],
        [
            2.304865124924628,
            1.9686923624791612
        ],
        [
            2.2707564191124963,
            1.975361298634783
        ],
        [
            2.236990779403891,
            1.9811601434272652
        ],
        [
            2.2035900482552035,
            1.9861194744203405
        ],
        [
            2.170575413649562,
            1.9902697837164351
        ],
        [
            2.1379673773870698,
            1.9936415241874097
        ],
        [
            2.105785726057023,
            1.9962651436702479
        ],
        [
            2.074049504720639,
            1.99817110866903
        ],
        [
            2.0427769933386877,
            1.9993899188806319
        ],
        [
            2.01198568598263,
            1.999952113679465
        ],
        [
            1.981692272870454,
            1.9998882715480253
        ],
        [
            1.9519126252694954,
            1.9992290033185403
        ],
        [
            1.9226617833081594,
            1.998004939991489
        ],
        [
            1.8939539467366322,
            1.9962467158150232
        ],
        [
            1.8658024686736026,
            1.9939849472420679
        ],
        [
            1.8382198523715574,
            1.9912502083263242
        ],
        [
            1.8112177510276224,
            1.988073003072403
        ],
        [
            1.784806970660147,
            1.9844837352169025
        ],
        [
            1.7589974760634486,
            1.9805126758850136
        ],
        [
            1.7337983998443436,
            1.9761899295397463
        ],
        [
            1.709218054534516,
            1.971545398617149
        ],
        [
            1.685263947762444,
            1.9666087472198965
        ],
        [
            1.6619428004577075,
            1.9614093642226398
        ],
        [
            1.6392605680491914,
            1.9559763261247778
        ],
        [
            1.6172224646279467,
            1.9503383599414763
        ],
        [
            1.5958329898830197,
            1.944523806608999
        ],
        [
            1.5750959590749716,
            1.9385605847351628
        ],
        [
            1.5550145354941525,
            1.932476155593596
        ],
        [
            1.535591265673835,
            1.9262974891170006
        ],
        [
            1.5168281171015132,
            1.9200510313248578
        ],
        [
            1.4987265183406353,
            1.9137626733587854
        ],
        [
