{
    "mechanism_template_name": "FourBarLinkage_TypeA",
    "variation_id": "cb3a606d40",
    "parameters": {
        "r_O2A": 1.2,
        "r_AB": 3.0,
        "r_O4B": 2.5,
        "O4_x": 2.0,
        "O4_y": -0.5,
        "output_joint_name": "B",
        "input_revolutions": 1,
        "num_steps": 180
    },
    "output_joint_name": "B",
    "path_xy_coordinates": [
        [
            4.053592555878865,
            0.9257480894026875
        ],
        [
            4.076155639863892,
            0.8926872438065039
        ],
        [
            4.093072141193582,
            0.8671316731607517
        ],
        [
            4.105060209351717,
            0.8485998350157016
        ],
        [
            4.112735983954217,
            0.8365428021972631
        ],
        [
            4.116619128255509,
            0.8303847059790356
        ],
        [
            4.117142821825958,
            0.8295511543407421
        ],
        [
            4.114665488699301,
            0.833487859303052
        ],
        [
            4.1094825717396795,
            0.8416718225876794
        ],
        [
            4.101837424691375,
            0.8536171689831867
        ],
        [
            4.091930899770684,
            0.8688773175781497
        ],
        [
            4.079929517703484,
            0.8870447726680466
        ],
        [
            4.0659722782424454,
            0.9077494612116856
        ],
        [
            4.050176251642714,
            0.9306562610237524
        ],
        [
            4.032641120951929,
            0.9554621511468013
        ],
        [
            4.01345284497307,
            0.9818932623757587
        ],
        [
            3.9926865972081615,
            1.009701998842881
        ],
        [
            3.97040911575017,
            1.0386643287504969
        ],
        [
            3.946680577724066,
            1.0685772943367973
        ],
        [
            3.9215560919236268,
            1.0992567603685184
        ],
        [
            3.8950868857691128,
            1.1305354014482125
        ],
        [
            3.8673212478904038,
            1.1622609172947342
        ],
        [
            3.8383052754014644,
            1.1942944591839628
        ],
        [
            3.8080834649853608,
            1.2265092480620317
        ],
        [
            3.776699178911564,
            1.2587893642122552
        ],
        [
            3.7441950107230744,
            1.291028688939267
        ],
        [
            3.7106130702582556,
            1.323129979988427
        ],
        [
            3.675995203653358,
            1.355004063999428
        ],
        [
            3.6403831608000914,
            1.3865691309261523
        ],
        [
            3.6038187201691287,
            1.4177501174123301
        ],
        [
            3.566343779061512,
            1.4484781666201054
        ],
        [
            3.5280004155605216,
            1.4786901551397111
        ],
        [
            3.4888309274123546,
            1.5083282773442224
        ],
        [
            3.4488778519609005,
            1.5373396796060101
        ],
        [
            3.4081839705114705,
            1.5656761375381465
        ],
        [
            3.3667922998675577,
            1.5932937703587469
        ],
        [
            3.3247460732854037,
            1.6201527872573007
        ],
        [
            3.282088712692159,
            1.6462172613198698
        ],
        [
            3.2388637936940077,
            1.6714549271569248
        ],
        [
            3.1951150046445393,
            1.6958369988852688
        ],
        [
            3.1508861008379765,
            1.7193380055543435
        ],
        [
            3.106220854726497,
            1.7419356414866463
        ],
        [
            3.0611630029277808,
            1.7636106293303286
        ],
        [
            3.015756190681643,
            1.7843465939064198
        ],
        [
            2.9700439143281607,
            1.8041299451799233
        ],
        [
            2.924069462309938,
            1.8229497688986207
        ],
        [
            2.8778758551448984,
            1.8407977236304596
        ],
        [
            2.83150578477054,
            1.857667943093992
        ],
        [
            2.7850015536239234,
            1.8735569428197734
        ],
        [
            2.738405013791964,
            1.8884635303070487
        ],
        [
            2.6917575065425465,
            1.9023887179517722
        ],
        [
            2.645099802527354,
            1.9153356381213547
        ],
        [
            2.5984720429312342,
            1.927309459840182
        ],
        [
            2.551913681829491,
            1.938317306629582
        ],
        [
            2.5054634300031786,
            1.9483681751177346
        ],
        [
            2.4591592004526044,
            1.9574728541002546
        ],
        [
            2.4130380558403757,
            1.9656438437916237
        ],
        [
            2.3671361580870918,
            1.972895275062206
        ],
        [
            2.3214887203347403,
            1.979242828505806
        ],
        [
            2.2761299614848194,
            1.9847036532291593
        ],
        [
            2.2310930635097836,
            1.9892962852978362
        ],
        [
            2.186410131727525,
            1.993040565813014
        ],
        [
            2.1421121582189246,
            1.9959575586308171
        ],
        [
            2.0982289885580383,
            1.9980694677704258
        ],
        [
            2.054789292012927,
            1.9993995545891974
        ],
        [
            2.011820535362618,
            1.9999720548325541
        ],
        [
            1.9693489604619234,
            1.9998120956934344
        ],
        [
            1.9273995656710277,
            1.9989456130406706
        ],
        [
            1.8859960912507416,
            1.9973992689976234
        ],
        [
            1.8451610088072319,
            1.9952003700717866
        ],
        [
            1.8049155148519493,
            1.992376786052723
        ],
        [
            1.765279528523465,
            1.988956869909524
        ],
        [
            1.7262716934981743,
            1.9849693789299758
        ],
        [
            1.687909384096466,
            1.9804433973515585
        ],
        [
            1.6502087155702478,
            1.9754082607394232
        ],
        [
            1.6131845585569455,
            1.9698934823296255
        ],
        [
            1.5768505575185752,
            1.9639286818355832
        ],
        [
            1.5412191534155568,
            1.9575435163385286
        ],
        [
            1.5063016100682525,
            1.9507676143830233
        ],
        [
            1.4721080444416925,
            1.9436305128269917
        ],
        [
            1.4386474605755746,
            1.9361615969530277
        ],
        [
            1.4059277870354943,
            1.9283900439976962
        ],
        [
            1.3739559177218559,
            1.9203447702872725
        ],
        [
            1.3427377558603597,
            1.9120543821485771
        ],
        [
            1.3122782609876775,
            1.9035471307419387
        ],
        [
            1.2825814987380588,
            1.894850870940262
        ],
        [
            1.2536506932313505,
            1.885993024353926
        ],
        [
            1.2254882818604191,
            1.877000546576225
        ],
        [
            1.1980959722763806,
            1.8678998986985684
        ],
        [
            1.1714748013733343,
            1.858717023119117
        ],
        [
            1.1456251960806618,
            1.8494773236431934
        ],
        [
