{
    "mechanism_template_name": "FourBarLinkage_TypeA",
    "variation_id": "30744ed44d",
    "parameters": {
        "r_O2A": 1.2,
        "r_AB": 3.0,
        "r_O4B": 1.5,
        "O4_x": 2.0,
        "O4_y": -0.5,
        "output_joint_name": "B",
        "input_revolutions": 1,
        "num_steps": 180
    },
    "output_joint_name": "B",
    "path_xy_coordinates": [
        [
            3.734602897446159,
            -1.6049262139604847
        ],
        [
            3.7845826223261154,
            -1.4797642249541092
        ],
        [
            3.624648247598481,
            -1.6784195267288202
        ],
        [
            3.4943907689235303,
            -1.7987634558310757
        ],
        [
            3.503193483511162,
            -1.740143940313324
        ],
        [
            3.7883251657023047,
            -1.2753283791466068
        ],
        [
            3.5961168239529284,
            -1.5185541687951152
        ],
        [
            3.341603491961491,
            -1.7715623420392226
        ],
        [
            3.2867565786513033,
            -1.776243357511272
        ],
        [
            3.3449244162903993,
            -1.662127056101828
        ],
        [
            3.1997061032536935,
            -1.7560590289307678
        ],
        [
            3.2366640487558067,
            -1.6657104383433297
        ],
        [
            2.73850548768983,
            -2.019182533910405
        ],
        [
            3.080526188426661,
            -1.7043247259814922
        ],
        [
            3.0444465674872467,
            -1.681856233268952
        ],
        [
            3.008904651998317,
            -1.6582563852854415
        ],
        [
            3.1101221485866923,
            -1.5087758994586564
        ],
        [
            3.3096981633064186,
            -1.2312254762589085
        ],
        [
            3.3916460334170093,
            -1.0597510945087696
        ],
        [
            3.439824737973278,
            -0.9206004240526747
        ],
        [
            3.4697445860572937,
            -0.7997513130126017
        ],
        [
            3.4877476868849624,
            -0.6913290866253239
        ],
        [
            3.497164855308622,
            -0.592181319619955
        ],
        [
            3.5000000249305163,
            -0.5003774530383958
        ],
        [
            3.497568942463863,
            -0.41463341177954527
        ],
        [
            3.490791356170216,
            -0.3340442898055487
        ],
        [
            3.4803411159761803,
            -0.25794565355308796
        ],
        [
            3.46673093615601,
            -0.18583375011106584
        ],
        [
            3.450363283187878,
            -0.11731688491130132
        ],
        [
            3.4315625673703174,
            -0.05208415437362213
        ],
        [
            3.410596370338517,
            0.010115533238339802
        ],
        [
            3.3876899301572942,
            0.06948804455332891
        ],
        [
            3.363036303193429,
            0.12620444977097423
        ],
        [
            3.3368036633526272,
            0.1804086603076076
        ],
        [
            3.3091406531440795,
            0.232223143822743
        ],
        [
            3.2801803752964953,
            0.2817532802517184
        ],
        [
            3.2500434148563193,
            0.3290907353973451
        ],
        [
            3.218840156604982,
            0.3743161104177555
        ],
        [
            3.1866725816049835,
            0.4175010483998117
        ],
        [
            3.1536356729062094,
            0.4587099275429394
        ],
        [
            3.119818523989497,
            0.4980012351353258
        ],
        [
            3.085305218340291,
            0.5354286918557061
        ],
        [
            3.050175530849434,
            0.5710421784523729
        ],
        [
            3.0145054891087706,
            0.6048885042510797
        ],
        [
            2.9783678235289295,
            0.6370120477345436
        ],
        [
            2.941832328506809,
            0.6674552926217339
        ],
        [
            2.9049661518992265,
            0.6962592777609453
        ],
        [
            2.867834026334096,
            0.7234639752854056
        ],
        [
            2.8304984530686044,
            0.7491086085145394
        ],
        [
            2.7930198469494876,
            0.773231918801072
        ],
        [
            2.75545664937005,
            0.7958723887395576
        ],
        [
            2.7178654148315466,
            0.8170684277606305
        ],
        [
            2.6803008757099716,
            0.8368585250287423
        ],
        [
            2.642815989039208,
            0.8552813736893283
        ],
        [
            2.6054619684967752,
            0.8723759698135204
        ],
        [
            2.568288304282307,
            0.888181688830279
        ],
        [
            2.5313427731834546,
            0.9027383417913886
        ],
        [
            2.4946714408068296,
            0.9160862134572043
        ],
        [
            2.458318657696489,
            0.9282660839069337
        ],
        [
            2.4223270508561106,
            0.9393192351513873
        ],
        [
            2.386737512022984,
            0.9492874440491688
        ],
        [
            2.3515891839041485,
            0.9582129626916316
        ],
        [
            2.3169194454704294,
            0.966138487317273
        ],
        [
            2.2827638973077584,
            0.9731071167413711
        ],
        [
            2.249156347942167,
            0.9791623012346472
        ],
        [
            2.2161288019817023,
            0.9843477827522699
        ],
        [
            2.183711450852059,
            0.9887075273950687
        ],
        [
            2.1519326668404135,
            0.9922856509823462
        ],
        [
            2.120819001101585,
            0.9951263386193059
        ],
        [
            2.090395186220674,
            0.9972737591511649
        ],
        [
            2.0606841438650907,
            0.9987719754142472
        ],
        [
            2.0317069979957516,
            0.9996648512069826
        ],
        [
            2.0034830940410755,
            0.9999959559218135
        ],
        [
            1.9760300243684368,
            0.9998084677873433
        ],
        [
            1.9493636603153315,
            0.9991450766782249
        ],
        [
            1.923498190967592,
            0.9980478874458928
        ],
        [
            1.8984461687945857,
            0.996558324713314
        ],
        [
            1.8742185661054973,
            0.9947170160433914
        ],
        [
            1.850824818367646,
            0.9925638019308687
        ],
        [
            1.8282729147805643,
            0.9901374955864031
        ],
        [
            1.806569454300098,
            0.987475909307424
        ],
        [
            1.7857197286661899,
            0.9846157518309453
        ],
        [
            1.7657278071468867,
            0.981592559585128
        ],
        [
            1.7465966267935862,
            0.9784406346828294
        ],
        [
            1.7283280877635614,
            0.9751929900776221
        ],
        [
            1.7109231532259472,
            0.9718813021934828
        ],
        [
            1.6943819533394007,
            0.968535871220685
        ],
        [
            1.6787038927734044,
            0.9651855891497274
        ],
        [
            1.663887761241599,
            0.9618579154929432
        ],
        [
            1.64993184652368,
            0.9585788605256643
        ],
        [
            1.6368340494749,
            0.9553729757585624
