{
    "mechanism_template_name": "FourBarLinkage_TypeA",
    "variation_id": "b0a476e3ad",
    "parameters": {
        "r_O2A": 1.2,
        "r_AB": 3.0,
        "r_O4B": 1.5,
        "O4_x": 3.0,
        "O4_y": -0.5,
        "output_joint_name": "B",
        "input_revolutions": 1,
        "num_steps": 180
    },
    "output_joint_name": "B",
    "path_xy_coordinates": [
        [
            4.167247261060964,
            0.44209013982016143
        ],
        [
            4.173519871232735,
            0.43426501155825037
        ],
        [
            4.1770694081508335,
            0.4297890128386558
        ],
        [
            4.178074557656846,
            0.4285151245965594
        ],
        [
            4.1767002795694514,
            0.4302561217553392
        ],
        [
            4.173096063543561,
            0.4347971040263366
        ],
        [
            4.1673955590284635,
            0.44190636942322126
        ],
        [
            4.159717177281653,
            0.45134434812993984
        ],
        [
            4.15016531090425,
            0.46287058194906305
        ],
        [
            4.138831887368382,
            0.4762489089945082
        ],
        [
            4.125798047845673,
            0.49125110616174017
        ],
        [
            4.111135809663998,
            0.5076592740020484
        ],
        [
            4.094909624806562,
            0.525267240043277
        ],
        [
            4.077177787119971,
            0.5438812264502749
        ],
        [
            4.057993668867857,
            0.5633199878848979
        ],
        [
            4.037406785363668,
            0.5834145843957578
        ],
        [
            4.015463697183466,
            0.604007916503546
        ],
        [
            3.992208765105145,
            0.624954117485927
        ],
        [
            3.96768477518988,
            0.6461178717155283
        ],
        [
            3.941933451600132,
            0.6673737074119344
        ],
        [
            3.9149958737320762,
            0.68860529657801
        ],
        [
            3.8869128126234145,
            0.7097047833270937
        ],
        [
            3.857724999755651,
            0.7305721534287197
        ],
        [
            3.8274733395267173,
            0.7511146519694084
        ],
        [
            3.796199074948176,
            0.7712462519322129
        ],
        [
            3.7639439145795928,
            0.7908871737595196
        ],
        [
            3.730750127370265,
            0.8099634542033508
        ],
        [
            3.696660610932199,
            0.8284065617030085
        ],
        [
            3.6617189378026715,
            0.8461530549507873
        ],
        [
            3.62596938345106,
            0.8631442810856462
        ],
        [
            3.589456939108251,
            0.8793261097396718
        ],
        [
            3.55222731197766,
            0.8946486998437989
        ],
        [
            3.5143269148870164,
            0.9090662953496205
        ],
        [
            3.475802847120651,
            0.9225370472281311
        ],
        [
            3.4367028678407285,
            0.9350228588009686
        ],
        [
            3.397075363269104,
            0.9464892519279793
        ],
        [
            3.3569693085982544,
            0.9569052518176975
        ],
        [
            3.316434225434303,
            0.9662432884843812
        ],
        [
            3.275520135439141,
            0.974479113116169
        ],
        [
            3.2342775107263684,
            0.98159172784295
        ],
        [
            3.1927572214724806,
            0.9875633275971223
        ],
        [
            3.1510104811265554,
            0.9923792529478179
        ],
        [
            3.109088789535513,
            0.9960279529595837
        ],
        [
            3.067043874244395,
            0.9985009572707962
        ],
        [
            3.0249276301847896,
            0.999792856780086
        ],
        [
            2.982792057911457,
            0.9999012923293922
        ],
        [
            2.9406892005140444,
            0.9988269510070752
        ],
        [
            2.8986710792920833,
            0.996573569800503
        ],
        [
            2.8567896282323635,
            0.9931479462568245
        ],
        [
            2.815096627299785,
            0.9885599560487932
        ],
        [
            2.7736436345060644,
            0.9828225773109259
        ],
        [
            2.7324819166780223,
            0.9759519216671295
        ],
        [
            2.6916623787991636,
            0.9679672718843819
        ],
        [
            2.6512354917451795,
            0.9588911260773898
        ],
        [
            2.6112512181747274,
            0.9487492483480069
        ],
        [
            2.571758936270409,
            0.9375707256650347
        ],
        [
            2.5328073609504096,
            0.9253880306656309
        ],
        [
            2.4944444620881536,
            0.9122370898779973
        ],
        [
            2.456717379185386,
            0.8981573566142501
        ],
        [
            2.419672331843701,
            0.8831918874469824
        ],
        [
            2.3833545252719954,
            0.8673874207470795
        ],
        [
            2.3478080499553644,
            0.8507944552039257
        ],
        [
            2.3130757744989716,
            0.8334673255558919
        ],
        [
            2.2791992305555357,
            0.8154642719078965
        ],
        [
            2.2462184886575627,
            0.7968474979922108
        ],
        [
            2.2141720237198403,
            0.7776832125288731
        ],
        [
            2.1830965689736397,
            0.7580416464697364
        ],
        [
            2.15302695716715,
            0.7379970373880512
        ],
        [
            2.1239959480488917,
            0.7176275706572269
        ],
        [
            2.096034041480364,
            0.6970152654370636
        ],
        [
            2.0691692760441707,
            0.6762457919941892
        ],
        [
            2.04342701376881,
            0.6554082057219041
        ],
        [
            2.0188297126221375,
            0.6345945826578516
        ],
        [
            1.9953966897599993,
            0.6138995416453079
        ],
        [
            1.9731438801582517,
            0.5934196399186698
        ],
        [
            1.9520835971690347,
            0.5732526321831868
        ],
        [
            1.9322243036346616,
            0.5534965885357682
        ],
        [
            1.913570404304706,
            0.5342488740129954
        ],
        [
            1.8961220721990326,
            0.5156050021090599
        ],
        [
            1.8798751229395148,
            0.4976573858701541
        ],
        [
            1.864820951593496,
            0.48049402234112953
        ],
        [
            1.8509465458994656,
            0.46419715795317085
        ],
        [
            1.8382345876251867,
            0.44884199232196675
        ],
        [
            1.8266636501425237,
            0.4344954841448367
        ],
        [
            1.816208495217264,
            0.42121532390119143
        ],
        [
            1.806840465889589,
            0.40904913285995437
        ],
        [
            1.798527965781163,
            0.3980339363270561
        ],
        [
            1.7912370089810088,
            0.3881959419951185
        ],
        [
            1.7849318196269564,
            0.3795506335294054
        ],
        [
            1.7795754570720868,
            0.3721031676520371
        ],
        [
            1.7751304414983755,
            0.3658490427060142
        ],
        [
