{
    "mechanism_template_name": "FourBarLinkage_TypeA",
    "variation_id": "fb0ba11439",
    "parameters": {
        "r_O2A": 0.8,
        "r_AB": 2.0,
        "r_O4B": 2.5,
        "O4_x": 3.0,
        "O4_y": -0.5,
        "output_joint_name": "B",
        "input_revolutions": 1,
        "num_steps": 180
    },
    "output_joint_name": "B",
    "path_xy_coordinates": [
        [
            1.8344737637151447,
            1.7116845597787647
        ],
        [
            1.8589568410018897,
            1.7244146442197579
        ],
        [
            1.8827051505554002,
            1.7364373945149865
        ],
        [
            1.9056330990009582,
            1.747745778826947
        ],
        [
            1.9276589292769297,
            1.7583366950743795
        ],
        [
            1.9487054238952568,
            1.7682106856636397
        ],
        [
            1.9687005209990271,
            1.7773715957064389
        ],
        [
            1.9875778343286536,
            1.7858261873498846
        ],
        [
            2.005277071794525,
            1.7935837234353043
        ],
        [
            2.0217443507406307,
            1.8006555337503487
        ],
        [
            2.0369324111345817,
            1.8070545766264763
        ],
        [
            2.050800730706769,
            1.8127950076470425
        ],
        [
            2.063315548394529,
            1.81789176587463
        ],
        [
            2.0744498042738506,
            1.822360186393133
        ],
        [
            2.084183005465694,
            1.8262156462027526
        ],
        [
            2.0925010283018888,
            1.8294732487081764
        ],
        [
            2.099395867367814,
            1.8321475502911924
        ],
        [
            2.104865341964229,
            1.8342523308307839
        ],
        [
            2.108912770118016,
            1.8358004085795325
        ],
        [
            2.1115466196019206,
            1.8368034985518578
        ],
        [
            2.112780144561376,
            1.8372721125519043
        ],
        [
            2.112631015330716,
            1.8372154982044828
        ],
        [
            2.1111209480240594,
            1.8366416137176893
        ],
        [
            2.1082753394026925,
            1.8355571347495017
        ],
        [
            2.104122911489247,
            1.8339674895499587
        ],
        [
            2.098695369444929,
            1.831876918478483
        ],
        [
            2.0920270753404377,
            1.8292885540601909
        ],
        [
            2.08415473966293,
            1.8262045179017095
        ],
        [
            2.0751171317152552,
            1.8226260310128926
        ],
        [
            2.0649548094798345,
            1.8185535343544401
        ],
        [
            2.05370986903468,
            1.8139868167338173
        ],
        [
            2.041425713216872,
            1.8089251474872607
        ],
        [
            2.028146838921034,
            1.8033674117013136
        ],
        [
            2.013918642187635,
            1.7973122460335622
        ],
        [
            1.9987872400686486,
            1.7907581734817388
        ],
        [
            1.9827993081461615,
            1.783703735718646
        ],
        [
            1.9660019325132763,
            1.7761476218553696
        ],
        [
            1.948442474998848,
            1.768088792713404
        ],
        [
            1.9301684504249355,
            1.7595265998693637
        ],
        [
            1.9112274147116683,
            1.7504608989004864
        ],
        [
            1.8916668626816031,
            1.7408921564102944
        ],
        [
            1.8715341344764949,
            1.730821550523598
        ],
        [
            1.850876329568173,
            1.7202510646285365
        ],
        [
            1.8297402274150765,
            1.7091835742196548
        ],
        [
            1.8081722138897227,
            1.6976229267530745
        ],
        [
            1.786218212677682,
            1.6855740144646223
        ],
        [
            1.7639236209232896,
            1.6730428401275945
        ],
        [
            1.7413332484701585,
            1.6600365757405215
        ],
        [
            1.718491260114951,
            1.6465636141385382
        ],
        [
            1.6954411203603792,
            1.6326336135163708
        ],
        [
            1.6722255402179407,
            1.6182575348379382
        ],
        [
            1.6488864256724252,
            1.603447672088722
        ],
        [
            1.6254648274790104,
            1.5882176753036836
        ],
        [
            1.6020008920200504,
            1.5725825662770787
        ],
        [
            1.578533813002874,
            1.556558746832414
        ],
        [
            1.5551017838324634,
            1.5401639995024965
        ],
        [
            1.5317419505442744,
            1.5234174804425207
        ],
        [
            1.5084903652331068,
            1.5063397043751012
        ],
        [
            1.4853819399642902,
            1.4889525213467494
        ],
        [
            1.4624504012038801,
            1.4712790850623645
        ],
        [
            1.4397282448553066,
            1.4533438125597853
        ],
        [
            1.4172466920412035,
            1.4351723349923362
        ],
        [
            1.3950356458208664,
            1.4167914393056333
        ],
        [
            1.373123649085896,
            1.3982290006277371
        ],
        [
            1.3515378439285406,
            1.3795139052409287
        ],
        [
            1.3303039328285697,
            1.360675964070702
        ],
        [
            1.3094461420541506,
            1.3417458167143073
        ],
        [
            1.2889871877191312,
            1.3227548261382653
        ],
        [
            1.2689482449818374,
            1.3037349643018747
        ],
        [
            1.2493489209072726,
            1.2847186891113327
        ],
        [
            1.2302072315436186,
            1.2657388132750556
        ],
        [
            1.2115395837830647,
            1.2468283658124022
        ],
        [
            1.1933607625841807,
            1.2280204471613247
        ],
        [
            1.175683924126189,
            1.2093480790302134
        ],
        [
            1.1585205954427718,
            1.1908440503390127
        ],
        [
            1.141880681042772,
            1.1725407607869929
        ],
        [
            1.1257724769664157,
            1.1544700637609646
        ],
        [
            1.1102026926479636,
            1.1366631104492557
        ],
        [
            1.0951764808595037,
            1.119150197144432
        ],
        [
            1.0806974758971215,
            1.1019606177929349
        ],
        [
            1.0667678400422758,
            1.0851225238750979
        ],
        [
            1.0533883181910295,
            1.0686627936684345
        ],
        [
            1.0405583003959975,
            1.052606912857082
        ],
        [
            1.0282758919152826,
            1.0369788682997125
        ],
        [
            1.0165379902147187,
            1.0218010565591147
        ],
        [
            1.0053403682299817,
            1.0070942085338834
        ],
        [
            0.9946777630691643,
            0.9928773312242155
        ],
        [
            0.9845439692293271,
            0.9791676673201913
        ],
        [
            0.9749319353167459,
            0.9659806729346727
        ],
        [
            0.9658338632034367,
            0.9533300134279489
        ],
        [
            0.9572413085241633,
            0.9412275769018342
        ],
        [
