{
    "mechanism_template_name": "FourBarLinkage_TypeA",
    "variation_id": "9548561446",
    "parameters": {
        "r_O2A": 0.8,
        "r_AB": 3.0,
        "r_O4B": 1.5,
        "O4_x": 3.0,
        "O4_y": 0.5,
        "output_joint_name": "B",
        "input_revolutions": 1,
        "num_steps": 180
    },
    "output_joint_name": "B",
    "path_xy_coordinates": [
        [
            3.0364643823943496,
            1.9995567174455093
        ],
        [
            3.0614713659056623,
            1.9987398944358872
        ],
        [
            3.0851026665690746,
            1.9975838995337918
        ],
        [
            3.1072744859153265,
            1.996159144166024
        ],
        [
            3.1279127734366847,
            1.994536156267805
        ],
        [
            3.1469538197448204,
            1.9927841688812276
        ],
        [
            3.164344623036956,
            1.990969766587791
        ],
        [
            3.180043028818751,
            1.9891556358466298
        ],
        [
            3.1940176524395927,
            1.9873994589691895
        ],
        [
            3.206247602508618,
            1.985752982988577
        ],
        [
            3.2167220301039023,
            1.984261284880445
        ],
        [
            3.2254395338181423,
            1.9829622438506664
        ],
        [
            3.232407452692513,
            1.9818862223522407
        ],
        [
            3.2376410810683756,
            1.98105594648405
        ],
        [
            3.241162836852437,
            1.980486570726978
        ],
        [
            3.2430014128490896,
            1.9801859049962314
        ],
        [
            3.2431909368187353,
            1.9801547784773705
        ],
        [
            3.241770161282351,
            1.9803875131576931
        ],
        [
            3.238781699720437,
            1.9808724792762422
        ],
        [
            3.2342713209267044,
            1.9815927065797423
        ],
        [
            3.2282873090983837,
            1.9825265274198822
        ],
        [
            3.220879893465324,
            1.9836482307681105
        ],
        [
            3.2121007481153425,
            1.9849287096173966
        ],
        [
            3.2020025601844315,
            1.986336087724816
        ],
        [
            3.1906386627243997,
            1.9878363150115934
        ],
        [
            3.1780627272815103,
            1.9893937240228734
        ],
        [
            3.164328510454645,
            1.9909715425309598
        ],
        [
            3.1494896482525885,
            1.9925323598111688
        ],
        [
            3.1335994922230546,
            1.9940385455886152
        ],
        [
            3.116710981187847,
            1.99545262275337
        ],
        [
            3.098876543134875,
            1.9967375953214677
        ],
        [
            3.080148022024942,
            1.9978572343842078
        ],
        [
            3.0605766249063575,
            1.9987763250555337
        ],
        [
            3.040212885247163,
            1.9994608777465357
        ],
        [
            3.019106638931447,
            1.9998783071907158
        ],
        [
            2.9973070098758425,
            1.9999975826103507
        ],
        [
            2.974862402694012,
            1.9997893522873331
        ],
        [
            2.9518205002639144,
            1.9992260456108382
        ],
        [
            2.928228264432341,
            1.9982819554430145
        ],
        [
            2.9041319384235944,
            1.9969333033912207
        ],
        [
            2.8795770498063566,
            1.9951582903151959
        ],
        [
            2.8546084131179645,
            1.9929371341401931
        ],
        [
            2.8292701314523785,
            1.990252096799563
        ],
        [
            2.803605596491355,
            1.987087501897245
        ],
        [
            2.7776574866018353,
            1.9834297444647506
        ],
        [
            2.751467762740496,
            1.9792672939898184
        ],
        [
            2.725077662002433,
            1.9745906917151874
        ],
        [
            2.6985276887285345,
            1.969392543045412
        ],
        [
            2.671857603148323,
            1.9636675057562503
        ],
        [
            2.6451064075845547,
            1.957412274573667
        ],
        [
            2.6183123302850113,
            1.9506255625764108
        ],
        [
            2.5915128069778124,
            1.9433080797758824
        ],
        [
            2.5647444602708096,
            1.9354625091382083
        ],
        [
            2.538043077034854,
            1.9270934802344815
        ],
        [
            2.5114435839260865,
            1.9182075406348553
        ],
        [
            2.484980021214929,
            1.9088131250994795
        ],
        [
            2.458685515100709,
            1.8989205225616297
        ],
        [
            2.4325922487043314,
            1.8885418408382268
        ],
        [
            2.4067314319161217,
            1.8776909690152097
        ],
        [
            2.3811332703476356,
            1.8663835372644622
        ],
        [
            2.3558269335595727,
            1.8546368740170327
        ],
        [
            2.3308405228204556,
            1.8424699602116936
        ],
        [
            2.306201038628759,
            1.8299033803876041
        ],
        [
            2.2819343482526193,
            1.81695927034329
        ],
        [
            2.258065153556014,
            1.8036612610609972
        ],
        [
            2.2346169593967726,
            1.7900344185767447
        ],
        [
            2.2116120428997794,
            1.7761051794628455
        ],
        [
            2.18907142392801,
            1.7619012815824902
        ],
        [
            2.167014837094306,
            1.7474516897764125
        ],
        [
            2.1454607056775616,
            1.7327865161509584
        ],
        [
            2.124426117827704,
            1.7179369346564717
        ],
        [
            2.1039268054638045,
            1.702935089676349
        ],
        [
            2.0839771262878624,
            1.687813998391889
        ],
        [
            2.0645900493523115,
            1.672607446747558
        ],
        [
            2.04577714463083,
            1.6573498789169065
        ],
        [
            2.027548577048261,
            1.6420762802618345
        ],
        [
            2.0099131054249497,
            1.6268220538880023
        ],
        [
            1.9928780867820457,
            1.6116228910265828
        ],
        [
            1.9764494864358424,
            1.5965146356166262
        ],
        [
            1.960631894279579,
            1.5815331436212425
        ],
        [
            1.9454285476091742,
            1.5667141377819824
        ],
        [
            1.9308413607940413,
            1.5520930586952923
        ],
        [
            1.9168709620250244,
            1.5377049132779448
        ],
        [
            1.9035167372884958,
            1.5235841218687667
        ],
        [
            1.8907768816193777,
            1.5097643653848711
        ],
        [
            1.8786484575776212,
            1.4962784341042255
        ],
        [
            1.8671274607744346,
            1.4831580797746204
        ],
        [
            1.856208892149232,
            1.4704338728437207
        ],
        [
            1.84588683656925,
            1.4581350666583384
        ],
        [
            1.8361545471952634,
            1.4462894704866336
        ],
        [
            1.8270045349333337,
            1.4349233331695135
        ],
        [
