{
    "mechanism_template_name": "FourBarLinkage_TypeA",
    "variation_id": "fa6dd28987",
    "parameters": {
        "r_O2A": 0.8,
        "r_AB": 2.0,
        "r_O4B": 2.5,
        "O4_x": 2.0,
        "O4_y": 0.5,
        "output_joint_name": "B",
        "input_revolutions": 1,
        "num_steps": 180
    },
    "output_joint_name": "B",
    "path_xy_coordinates": [
        [
            -0.16357370040650476,
            1.7525768810197502
        ],
        [
            -0.1389032288495119,
            1.7942538304434092
        ],
        [
            -0.1125814520049605,
            1.8367870468571137
        ],
        [
            -0.0846140260625946,
            1.879994334170789
        ],
        [
            -0.055030395735876425,
            1.9236748479207002
        ],
        [
            -0.023886092615958088,
            1.9676120346045363
        ],
        [
            0.008735653897412488,
            2.0115774224104226
        ],
        [
            0.04272317076651322,
            2.055335145152303
        ],
        [
            0.07793659704734346,
            2.098647013893372
        ],
        [
            0.1142092178684625,
            2.1412778942116386
        ],
        [
            0.15134988014044692,
            2.183001109430199
        ],
        [
            0.18914641455282255,
            2.2236035774136416
        ],
        [
            0.22736991292733444,
            2.2628904034014155
        ],
        [
            0.2657796470262706,
            2.300688692509576
        ],
        [
            0.3041283718644412,
            2.3368504078680834
        ],
        [
            0.3421677379073058,
            2.371254175884461
        ],
        [
            0.37965354313915134,
            2.4038060194618076
        ],
        [
            0.41635058525461005,
            2.434439074041152
        ],
        [
            0.45203692083422714,
            2.463112402675987
        ],
        [
            0.4865073954118097,
            2.48980907020185
        ],
        [
            0.5195763686351891,
            2.5145336610981
        ],
        [
            0.5510796158754679,
            2.537309431693937
        ],
        [
            0.5808754368180228,
            2.5581752778065705
        ],
        [
            0.6088450398189099,
            2.5771826777546707
        ],
        [
            0.6348922970175578,
            2.5943927423619537
        ],
        [
            0.6589429797710065,
            2.60987347215298
        ],
        [
            0.6809435884036054,
            2.623697290817761
        ],
        [
            0.7008598866411658,
            2.6359388956293146
        ],
        [
            0.7186752417071709,
            2.6466734413473185
        ],
        [
            0.7343888580736214,
            2.6559750549187413
        ],
        [
            0.7480139778772502,
            2.6639156640887944
        ],
        [
            0.7595761081926309,
            2.6705641129884405
        ],
        [
            0.7691113136969991,
            2.675985533369263
        ],
        [
            0.7766646147990259,
            2.680240935083447
        ],
        [
            0.7822885043560612,
            2.6833869820229403
        ],
        [
            0.7860415969517187,
            2.685475919711646
        ],
        [
            0.787987415576846,
            2.6865556236227337
        ],
        [
            0.7881933139756206,
            2.6866697408863143
        ],
        [
            0.7867295295971842,
            2.685857901522568
        ],
        [
            0.7836683594462044,
            2.684155978904863
        ],
        [
            0.7790834494010573,
            2.6815963825763607
        ],
        [
            0.7730491866795776,
            2.6782083696671553
        ],
        [
            0.7656401848477745,
            2.674018363936257
        ],
        [
            0.7569308509183797,
            2.669050273874432
        ],
        [
            0.7469950245399063,
            2.6633258033553573
        ],
        [
            0.7359056799271418,
            2.6568647500357647
        ],
        [
            0.7237346819488661,
            2.6496852881115966
        ],
        [
            0.7105525886062065,
            2.6418042331729525
        ],
        [
            0.6964284929680047,
            2.6332372877996164
        ],
        [
            0.6814298984300844,
            2.6239992672436316
        ],
        [
            0.6656226218975452,
            2.614104305096347
        ],
        [
            0.6490707202955823,
            2.603566039195826
        ],
        [
            0.6318364363066724,
            2.592397778387807
        ],
        [
            0.6139801599646753,
            2.5806126508910125
        ],
        [
            0.5955604031527186,
            2.568223735195423
        ],
        [
            0.5766337845539117,
            2.5552441744824277
        ],
        [
            0.5572550229945585,
            2.5416872755987456
        ],
        [
            0.537476937468613,
            2.5275665936237326
        ],
        [
            0.5173504524337533,
            2.5128960030551557
        ],
        [
            0.4969246072287375,
            2.4976897566083074
        ],
        [
            0.4762465686833923,
            2.481962532582604
        ],
        [
            0.4553616461812618,
            2.4657294717026508
        ],
        [
            0.434313308594566,
            2.4490062042902228
        ],
        [
            0.4131432026456004,
            2.4318088685720323
        ],
        [
            0.3918911723612044,
            2.4141541208772495
        ],
        [
            0.37059527938056447,
            2.396059138429716
        ],
        [
            0.3492918239538262,
            2.3775416153935325
        ],
        [
            0.3280153665322738,
            2.3586197527876167
        ],
        [
            0.3067987499022029,
            2.339312242845259
        ],
        [
            0.28567312185547067,
            2.31963824835883
        ],
        [
            0.26466795841781776,
            2.2996173775195388
        ],
        [
            0.24381108768271842,
            2.2792696547322637
        ],
        [
            0.2231287143250047,
            2.258615487855871
        ],
        [
            0.2026454448649866,
            2.237675632304944
        ],
        [
            0.1823843137653376,
            2.2164711524272347
        ],
        [
            0.1623668104502508,
            2.1950233805520627
        ],
        [
            0.14261290733244092,
            2.173353874091724
        ],
        [
            0.12314108892898179,
            2.151484371065317
        ],
        [
            0.1039683821402152,
            2.1294367444029336
        ],
        [
            0.08511038775669799,
            2.1072329553778713
        ],
        [
            0.066581313247974,
            2.0848950065049956
        ],
        [
            0.04839400687408357,
            2.06244489423425
        ],
        [
            0.030559993146593856,
            2.0399045617592995
        ],
        [
            0.013089509650792364,
            2.017295852252035
        ],
        [
            -0.0040084547751805255,
            1.9946404628239653
        ],
        [
            -0.020726120524770852,
            1.9719598995050924
        ],
        [
            -0.03705687640799504,
            1.9492754335195028
        ],
        [
            -0.052995237590306776,
            1.9266080591244692
        ],
        [
            -0.06853680235469595,
            1.9039784532661814
        ],
        [
            -0.08367820777175439,
            1.8814069372902589
        ],
        [
            -0.09841708437702568,
