{
    "mechanism_template_name": "FourBarLinkage_TypeA",
    "variation_id": "05b29fc18c",
    "parameters": {
        "r_O2A": 0.8,
        "r_AB": 3.0,
        "r_O4B": 2.5,
        "O4_x": 3.0,
        "O4_y": 0.5,
        "output_joint_name": "B",
        "input_revolutions": 1,
        "num_steps": 180
    },
    "output_joint_name": "B",
    "path_xy_coordinates": [
        [
            1.952301382180814,
            2.7698739185428973
        ],
        [
            1.984112890151348,
            2.7842883749744374
        ],
        [
            2.0154775625750636,
            2.797980759339677
        ],
        [
            2.0462863320478877,
            2.810937091218912
        ],
        [
            2.0764310020905086,
            2.8231487912106243
        ],
        [
            2.105805328050392,
            2.834612577863464
        ],
        [
            2.134306072441611,
            2.8453302590016047
        ],
        [
            2.16183401023528,
            2.855308424304922
        ],
        [
            2.1882948618490072,
            2.8645580493401477
        ],
        [
            2.213600133497717,
            2.8730940246785845
        ],
        [
            2.2376678489686905,
            2.880934625625825
        ],
        [
            2.260423160501502,
            2.8881009398302764
        ],
        [
            2.281798831541185,
            2.8946162702926928
        ],
        [
            2.3017355868707696,
            2.900505532103562
        ],
        [
            2.320182332720121,
            2.9057946586371965
        ],
        [
            2.3370962504592336,
            2.9105100329774927
        ],
        [
            2.352442772499286,
            2.9146779572683688
        ],
        [
            2.3661954511039047,
            2.918324170571546
        ],
        [
            2.378335732832319,
            2.9214734231590005
        ],
        [
            2.3888526525617033,
            2.9241491125392267
        ],
        [
            2.3977424615884195,
            2.9263729840024704
        ],
        [
            2.405008204258783,
            2.928164896177135
        ],
        [
            2.4106592570195744,
            2.929542650097443
        ],
        [
            2.4147108428288426,
            2.9305218786259752
        ],
        [
            2.417183532653021,
            2.9311159917586536
        ],
        [
            2.4181027442226957,
            2.9313361725023936
        ],
        [
            2.4174982468433615,
            2.931191417303359
        ],
        [
            2.4154036794314986,
            2.9306886147709763
        ],
        [
            2.4118560874538515,
            2.9298326564053396
        ],
        [
            2.406895483072998,
            2.9286265731889163
        ],
        [
            2.400564431534424,
            2.9270716922366766
        ],
        [
            2.39290766571899,
            2.9251678081434003
        ],
        [
            2.383971729833734,
            2.922913364186392
        ],
        [
            2.373804652422633,
            2.920305639101861
        ],
        [
            2.3624556482401644,
            2.9173409357253077
        ],
        [
            2.3499748480325198,
            2.914014768348131
        ],
        [
            2.336413054899608,
            2.9103220461774706
        ],
        [
            2.3218215256502495,
            2.9062572507815787
        ],
        [
            2.3062517754017464,
            2.901814605846439
        ],
        [
            2.289755403535815,
            2.8969882380185528
        ],
        [
            2.27238393923432,
            2.891772327820619
        ],
        [
            2.2541887046195064,
            2.886161250145964
        ],
        [
            2.2352206938052954,
            2.880149703870023
        ],
        [
            2.215530466114851,
            2.873732830463954
        ],
        [
            2.1951680518774555,
            2.8669063216142527
        ],
        [
            2.17418286932859,
            2.8596665159944807
        ],
        [
            2.15262365126231,
            2.852010485439085
        ],
        [
            2.13053838021241,
            2.843936110846702
        ],
        [
            2.1079742310647163,
            2.8354421481958236
        ],
        [
            2.0849775201248217,
            2.82652828509269
        ],
        [
            2.061593659781692,
            2.817195188293452
        ],
        [
            2.0378671180168286,
            2.8074445426527213
        ],
        [
            2.013841382110236,
            2.7972790819514013
        ],
        [
            1.989558925987968,
            2.7867026120502896
        ],
        [
            1.965061180741511,
            2.775720026804348
        ],
        [
            1.9403885079267598,
            2.7643373171572927
        ],
        [
            1.9155801753201573,
            2.7525615738186393
        ],
        [
            1.890674334872074,
            2.740400983906628
        ],
        [
            1.8657080026531512,
            2.727864821921427
        ],
        [
            1.8407170406385467,
            2.7149634353943903
        ],
        [
            1.815736140218263,
            2.701708225541446
        ],
        [
            1.790798807359716,
            2.688111623232245
        ],
        [
            1.7659373493814825,
            2.6741870605719225
        ],
        [
            1.7411828633235629,
            2.6599489383815285
        ],
        [
            1.7165652259245139,
            2.645412589851062
        ],
        [
            1.6921130852397428,
            2.6305942406260914
        ],
        [
            1.6678538539442709,
            2.6155109655903557
        ],
        [
            1.6438137043789416,
            2.600180642599332
        ],
        [
            1.620017565410483,
            2.5846219034154982
        ],
        [
            1.5964891211812975,
            2.56885408209699
        ],
        [
            1.573250811828928,
            2.5528971610926057
        ],
        [
            1.5503238362567027,
            2.5367717152987277
        ],
        [
            1.5277281570361612,
            2.520498854337761
        ],
        [
            1.5054825075186458,
            2.504100163322666
        ],
        [
            1.483604401228102,
            2.4875976423780197
        ],
        [
            1.462110143599709,
            2.471013645194196
        ],
        [
            1.441014846119753,
            2.454370816897653
        ],
        [
            1.4203324429110946,
            2.437692031526426
        ],
        [
            1.4000757097960599,
            2.4210003294055165
        ],
        [
            1.380256285854561,
            2.4043188547215224
        ],
        [
            1.3608846974800604,
            2.387670793599296
        ],
        [
            1.341970384919755,
            2.37107931298525
        ],
        [
            1.3235217312683667,
            2.3545675006418967
        ],
        [
            1.305546093867338,
            2.3381583065559646
        ],
        [
            1.2880498380433871,
            2.321874486057789
        ],
        [
            1.271038373102519,
            2.305738544942358
        ],
        [
            1.2545161904779678,
            2.289772686872298
        ],
        [
            1.2384869039135027,
            2.2739987633300656
        ],
        [
            1.2229532915473205,
            2.258438226370654
        ],
        [
            1.2079173397466536,
            2.2431120844072336
        ],
        [
            1.1933802885295162,
            2.228040861240431
        ],
        [
            1.1793426783979848,
            2.2132445585175597
