{
    "mechanism_template_name": "FourBarLinkage_TypeA",
    "variation_id": "c2545b17e0",
    "parameters": {
        "r_O2A": 1.2,
        "r_AB": 2.0,
        "r_O4B": 2.5,
        "O4_x": 3.0,
        "O4_y": -0.5,
        "output_joint_name": "B",
        "input_revolutions": 1,
        "num_steps": 180
    },
    "output_joint_name": "B",
    "path_xy_coordinates": [
        [
            2.0476372647452923,
            1.8114941532931093
        ],
        [
            2.0948490891880525,
            1.8303866264327482
        ],
        [
            2.1405618232395827,
            1.8476298729414746
        ],
        [
            2.184513334686385,
            1.8632565452562067
        ],
        [
            2.226463006318115,
            1.8773179256057284
        ],
        [
            2.266195049515239,
            1.8898808118073283
        ],
        [
            2.3035208202347506,
            1.901024104867407
        ],
        [
            2.3382801450297768,
            1.9108352978872203
        ],
        [
            2.3703417215834977,
            1.919407045625491
        ],
        [
            2.3996027013197363,
            1.9268339629521507
        ],
        [
            2.4259875894723764,
            1.9332097633703402
        ],
        [
            2.4494466111012922,
            1.9386248104151869
        ],
        [
            2.4699536919354816,
            1.9431641187827349
        ],
        [
            2.4875041934426387,
            1.9469058110726822
        ],
        [
            2.5021125252763667,
            1.9499200114520843
        ],
        [
            2.5138097381766347,
            1.9522681397653345
        ],
        [
            2.522641179041223,
            1.9540025582054024
        ],
        [
            2.52866426862322,
            1.955166517373891
        ],
        [
            2.5319464445808437,
            1.9557943458677425
        ],
        [
            2.532563294189324,
            1.9559118318993076
        ],
        [
            2.5305968894285713,
            1.9555367477974588
        ],
        [
            2.5261343259873015,
            1.954679474589652
        ],
        [
            2.5192664597681733,
            1.953343690406591
        ],
        [
            2.5100868293238783,
            1.951527092476025
        ],
        [
            2.4986907491569186,
            1.949222128543624
        ],
        [
            2.4851745569404238,
            1.946416719016847
        ],
        [
            2.469634997048639,
            1.943094955895865
        ],
        [
            2.452168722990925,
            1.939237768603626
        ],
        [
            2.4328719021512595,
            1.9348235501712585
        ],
        [
            2.411839907429314,
            1.9298287399266456
        ],
        [
            2.38916708179117,
            1.9242283609443063
        ],
        [
            2.3649465632431146,
            1.917996512121963
        ],
        [
            2.33927015924826,
            1.911106815938973
        ],
        [
            2.3122282610331686,
            1.9035328238441327
        ],
        [
            2.283909789587892,
            1.8952483817916763
        ],
        [
            2.254402166485561,
            1.8862279585877013
        ],
        [
            2.2237913036387718,
            1.8764469401302941
        ],
        [
            2.1921616070720913,
            1.8658818927451213
        ],
        [
            2.1595959907251743,
            1.8545107985912406
        ],
        [
            2.1261758969989573,
            1.8423132660887191
        ],
        [
            2.091981321370388,
            1.8292707182152066
        ],
        [
            2.057090838931863,
            1.815366561354736
        ],
        [
            2.0215816311539374,
            1.8005863372097757
        ],
        [
            1.9855295115357543,
            1.784917860113983
        ],
        [
            1.9490089491076878,
            1.7683513419121666
        ],
        [
            1.9120930889939507,
            1.7508795064090217
        ],
        [
            1.8748537694371812,
            1.7324976952316398
        ],
        [
            1.8373615348390284,
            1.7132039668031882
        ],
        [
            1.7996856444863778,
            1.6929991899861194
        ],
        [
            1.7618940767169455,
            1.6718871338210446
        ],
        [
            1.7240535283345062,
            1.6498745546596854
        ],
        [
            1.6862294091163734,
            1.626971281863049
        ],
        [
            1.6484858312663815,
            1.6031903031048498
        ],
        [
            1.6108855936576478,
            1.5785478501789711
        ],
        [
            1.5734901606822347,
            1.5530634860514558
        ],
        [
            1.5363596354806976,
            1.5267601937131965
        ],
        [
            1.4995527272643017,
            1.4996644671687018
        ],
        [
            1.4631267123672127,
            1.4718064046267263
        ],
        [
            1.4271373885763143,
            1.4432198036253845
        ],
        [
            1.391639022183788,
            1.4139422574112703
        ],
        [
            1.3566842870944795,
            1.3840152513801716
        ],
        [
            1.3223241951997875,
            1.3534842577561557
        ],
        [
            1.288608017107585,
            1.3223988259152584
        ],
        [
            1.2555831922013554,
            1.2908126648300633
        ],
        [
            1.2232952269024242,
            1.2587837130059696
        ],
        [
            1.1917875799425133,
            1.2263741899904268
        ],
        [
            1.1611015334405843,
            1.1936506220672478
        ],
        [
            1.131276048645281,
            1.1606838331241827
        ],
        [
            1.1023476053859582,
            1.1275488899572461
        ],
        [
            1.0743500246116513,
            1.0943249895444485
        ],
        [
            1.0473142739338992,
            1.0610952742305648
        ],
        [
            1.0212682568732014,
            1.0279465595210513
        ],
        [
            0.996236587583198,
            0.9949689585626874
        ],
        [
            0.9722403542211469,
            0.9622553877304488
        ],
        [
            0.9492968758517915,
            0.9299009394314433
        ],
        [
            0.9274194597767633,
            0.8980021116722451
        ],
        [
            0.9066171683776163,
            0.8666558894563057
        ],
        [
            0.8868946067795942,
            0.8359586808786743
        ],
        [
            0.8682517446385929,
            0.8060051208102568
        ],
        [
            0.8506837868079296,
            0.7768867668951933
        ],
        [
            0.8341811081942645,
            0.74869072536551
        ],
        [
            0.8187292674127367,
            0.7214982565963428
        ],
        [
            0.804309111632119,
            0.6953834207125889
        ],
        [
            0.7908969811567443,
            0.6704118301080983
        ],
        [
            0.7784650169511176,
            0.6466395768408348
        ],
        [
            0.7669815678830034,
            0.6241123974268012
        ],
        [
            0.7564116876003919,
            0.6028651253753525
        ],
        [
            0.7467177044623636,
            0.5829214638932145
        ],
        [
            0.7378598426470175,
            0.5642940894529306
        ],
        [
            0.7297968691667593,
            0.5469850739622573
        ],
        [
            0.7224867404393263,
            0.5309865919839061
        ],
        [
