{
    "mechanism_template_name": "FourBarLinkage_TypeA",
    "variation_id": "aff042a9ac",
    "parameters": {
        "r_O2A": 0.8,
        "r_AB": 2.0,
        "r_O4B": 1.5,
        "O4_x": 3.0,
        "O4_y": -0.5,
        "output_joint_name": "B",
        "input_revolutions": 1,
        "num_steps": 180
    },
    "output_joint_name": "B",
    "path_xy_coordinates": [
        [
            2.5673280349093166,
            0.9362433535270483
        ],
        [
            2.5795697579725294,
            0.9398744430034907
        ],
        [
            2.5906099203102353,
            0.9430522383750538
        ],
        [
            2.600411383611045,
            0.9457969904791723
        ],
        [
            2.608942552962808,
            0.94812778204802
        ],
        [
            2.616177381567433,
            0.9500621357711074
        ],
        [
            2.6220953043070216,
            0.9516156657274076
        ],
        [
            2.626681108095336,
            0.9528017775849591
        ],
        [
            2.629924747922802,
            0.9536314208914117
        ],
        [
            2.6318211180026436,
            0.9541128948094099
        ],
        [
            2.6323697875030625,
            0.9542517068439993
        ],
        [
            2.6315747100633473,
            0.9540504825261966
        ],
        [
            2.629443915705178,
            0.9535089227077456
        ],
        [
            2.6259891929438974,
            0.9526238040882904
        ],
        [
            2.6212257679456195,
            0.9513890178480493
        ],
        [
            2.615171986529608,
            0.9497956407874525
        ],
        [
            2.6078490037486155,
            0.9478320331230592
        ],
        [
            2.5992804847303512,
            0.9454839570479749
        ],
        [
            2.5894923194730217,
            0.9427347102766122
        ],
        [
            2.578512353380062,
            0.939565269020372
        ],
        [
            2.5663701345088756,
            0.9359544351401063
        ],
        [
            2.553096677801619,
            0.9318789825535797
        ],
        [
            2.5387242459613377,
            0.9273137983052206
        ],
        [
            2.5232861461267286,
            0.9222320139979536
        ],
        [
            2.5068165410713523,
            0.9166051235123847
        ],
        [
            2.4893502732924984,
            0.9104030830683207
        ],
        [
            2.470922700042445,
            0.9035943896880816
        ],
        [
            2.451569537069343,
            0.8961461339674356
        ],
        [
            2.431326708552092,
            0.8880240227089569
        ],
        [
            2.410230200405207,
            0.8791923663744668
        ],
        [
            2.3883159137620122,
            0.8696140254017403
        ],
        [
            2.36561951497555,
            0.8592503081140005
        ],
        [
            2.3421762778517543,
            0.8480608110992351
        ],
        [
            2.3180209129748883,
            0.836003190362575
        ],
        [
            2.293187377797452,
            0.8230328479866487
        ],
        [
            2.2677086594963094,
            0.8091025140682727
        ],
        [
            2.2416165202220744,
            0.7941616967283308
        ],
        [
            2.214941190953381,
            0.7781559630896085
        ],
        [
            2.1877109951887084,
            0.7610259998398224
        ],
        [
            2.159951876333637,
            0.7427063810498838
        ],
        [
            2.1316867915187987,
            0.723123939745093
        ],
        [
            2.1029349173817455,
            0.702195590387737
        ],
        [
            2.0737105863239336,
            0.6798253778048865
        ],
        [
            2.0440218274219206,
            0.6559003994961232
        ],
        [
            2.0138683120299925,
            0.6302850498802213
        ],
        [
            1.983238374056039,
            0.6028126749405225
        ],
        [
            1.952104536979932,
            0.5732730773592071
        ],
        [
            1.9204165197703364,
            0.5413930618253361
        ],
        [
            1.8880897444763864,
            0.5068046402678719
        ],
        [
            1.8549852420211996,
            0.4689897852997538
        ],
        [
            1.8208715677338863,
            0.42717643424947405
        ],
        [
            1.7853442426582298,
            0.380120100420699
        ],
        [
            1.7476256828318115,
            0.3255656059390597
        ],
        [
            1.7059176417538326,
            0.2585188528150637
        ],
        [
            1.6536347843113648,
            0.1612871584891965
        ],
        [
            1.5875995620390118,
            0.03754006410303845
        ],
        [
            1.5651988057932873,
            0.037005048330264745
        ],
        [
            1.5433514391752603,
            0.036192353206552896
        ],
        [
            1.5226469585440332,
            0.03669311752313731
        ],
        [
            1.500198161577374,
            0.030420424539544744
        ],
        [
            1.4804814729716809,
            0.029807070851474826
        ],
        [
            1.5110798003771206,
            0.19949574124069747
        ],
        [
            1.440982996073811,
            0.022195924393043187
        ],
        [
            1.4227301898241558,
            0.019553730479278664
        ],
        [
            1.4035252666666025,
            0.011655112500504772
        ],
        [
            1.3935701135899263,
            0.031153251069922283
        ],
        [
            1.3703782732968601,
            0.00506407001433784
        ],
        [
            1.3533466064035715,
            -0.003552094594497568
        ],
        [
            1.3368566908458241,
            -0.013161946762477394
        ],
        [
            1.320562112508167,
            -0.02505135837309691
        ],
        [
            1.3071733701392514,
            -0.029703560684425145
        ],
        [
            1.292999844065812,
            -0.040130351008095255
        ],
        [
            1.2392884166364548,
            -0.18419453787061113
        ],
        [
            1.2679949562095643,
            -0.05810910506853939
        ],
        [
            1.24767754663575,
            -0.10237403197780076
        ],
        [
            1.2455785645667588,
            -0.07941323876053569
        ],
        [
            1.235989306252601,
            -0.08873323148800771
        ],
        [
            1.2205644010874581,
            -0.12684437594757353
        ],
        [
            1.2183516120928704,
            -0.11200177493871855
        ],
        [
            1.1976817945596654,
            -0.1819142820007697
        ],
        [
            1.2041580325616072,
            -0.13570062713050046
        ],
        [
            1.2071130976872788,
            -0.09969356586805134
        ],
        [
            1.193198986171493,
            -0.16096945658885997
        ],
        [
            1.188544898260043,
            -0.17642373094062505
        ],
        [
            1.186180397659569,
            -0.18400944158112315
        ],
        [
            1.1776924655079597,
            -0.23196740823407327
        ],
        [
            1.1815630784171274,
            -0.2138412471375321
        ],
        [
            1.180958336564084,
            -0.22651910023977867
        ],
        [
            1.184153856915175,
            -0.21776620868503554
        ],
        [
            1.18208315463262,
            -0.2539801832729905
        ],
        [
