{
    "mechanism_template_name": "FourBarLinkage_TypeA",
    "variation_id": "ac1b1726f0",
    "parameters": {
        "r_O2A": 0.8,
        "r_AB": 3.0,
        "r_O4B": 2.5,
        "O4_x": 2.0,
        "O4_y": 0.5,
        "output_joint_name": "B",
        "input_revolutions": 1,
        "num_steps": 180
    },
    "output_joint_name": "B",
    "path_xy_coordinates": [
        [
            1.4276646710763765,
            2.9336047894497623
        ],
        [
            1.4902330129655335,
            2.947475764727813
        ],
        [
            1.5526658822621386,
            2.9596528590652316
        ],
        [
            1.6146150514617588,
            2.9701170906335976
        ],
        [
            1.6757268619880727,
            2.9788801770081386
        ],
        [
            1.7356495669137622,
            2.9859844827607307
        ],
        [
            1.794040786428405,
            2.9915017163038637
        ],
        [
            1.850574699243388,
            2.9955304204705704
        ],
        [
            1.9049486053900782,
            2.998192392987978
        ],
        [
            1.956888541621522,
            2.9996282527921676
        ],
        [
            2.0061537046308078,
            2.9999924263724678
        ],
        [
            2.052539530359011,
            2.9994478585779802
        ],
        [
            2.0958793782975946,
            2.998160752397182
        ],
        [
            2.1360448661607285,
            2.996295614383774
        ],
        [
            2.172944982568154,
            2.9940108325756754
        ],
        [
            2.2065241664957647,
            2.9914549501553283
        ],
        [
            2.2367595790179964,
            2.9887637295941585
        ],
        [
            2.2636578056806878,
            2.98605803663225
        ],
        [
            2.2872512199475707,
            2.9834425172809493
        ],
        [
            2.307594214567007,
            2.9810049978113655
        ],
        [
            2.3247594740687143,
            2.978816508740139
        ],
        [
            2.3388344230888216,
            2.976931818672007
        ],
        [
            2.3499179485781694,
            2.97539035890306
        ],
        [
            2.358117451696091,
            2.9742174299500244
        ],
        [
            2.363546269655626,
            2.9734255820212825
        ],
        [
            2.3663214635289456,
            2.973016090800084
        ],
        [
            2.366561967335521,
            2.972980453643694
        ],
        [
            2.364387071659189,
            2.9733018542037506
        ],
        [
            2.359915210210216,
            2.973956556097728
        ],
        [
            2.3532630135927395,
            2.97491519919914
        ],
        [
            2.3445445935132074,
            2.97614398270383
        ],
        [
            2.3338710217695264,
            2.9776057274759777
        ],
        [
            2.321349970807917,
            2.979260816505439
        ],
        [
            2.3070854858593464,
            2.9810680168785746
        ],
        [
            2.291177862268685,
            2.9829851897520876
        ],
        [
            2.2737236052226555,
            2.9849698967887974
        ],
        [
            2.2548154526369153,
            2.9869799124841467
        ],
        [
            2.234542445123647,
            2.9889736522184083
        ],
        [
            2.2129900298675507,
            2.99091052572727
        ],
        [
            2.1902401877540587,
            2.9927512252459145
        ],
        [
            2.1663715752544817,
            2.9944579569414986
        ],
        [
            2.141459674400603,
            2.9959946234957022
        ],
        [
            2.115576945703413,
            2.997326964901129
        ],
        [
            2.0887929801232366,
            2.9984226637381948
        ],
        [
            2.0611746472173538,
            2.9992514204331675
        ],
        [
            2.032786237410923,
            2.9997850032824407
        ],
        [
            2.0036895969893447,
            2.999997277373366
        ],
        [
            1.9739442549234343,
            2.9998642159427336
        ],
        [
            1.9436075410378397,
            2.999363897190496
        ],
        [
            1.91273469533899,
            2.998476489106421
        ],
        [
            1.8813789685497768,
            2.997184224466799
        ],
        [
            1.8495917140688858,
            2.995471367812305
        ],
        [
            1.8174224716958027,
            2.993324175921083
        ],
        [
            1.7849190435481719,
            2.9907308530378023
        ],
        [
            1.752127562653973,
            2.98768150190501
        ],
        [
            1.7190925547318674,
            2.9841680714644383
        ],
        [
            1.685856993688991,
            2.9801843019440892
        ],
        [
            1.6524623513817354,
            2.975725667908408
        ],
        [
            1.6189486421732955,
            2.9707893197486217
        ],
        [
            1.5853544627895153,
            2.965374024020011
        ],
        [
            1.551717027970477,
            2.959480102948365
        ],
        [
            1.5180722023995283,
            2.953109373364493
        ],
        [
            1.4844545293619804,
            2.9462650852835663
        ],
        [
            1.4508972565593479,
            2.938951860309383
        ],
        [
            1.417432359479844,
            2.9311756300131857
        ],
        [
            1.3840905627004185,
            2.922943574412986
        ],
        [
            1.3509013594702282,
            2.914264060661252
        ],
        [
            1.3178930299006009,
            2.905146582035219
        ],
        [
            1.2850926580623832,
            2.89560169731418
        ],
        [
            1.2525261482682057,
            2.885640970621176
        ],
        [
            1.220218240794761,
            2.875276911801921
        ],
        [
            1.1881925272785727,
            2.8645229174111755
        ],
        [
            1.1564714659981181,
            2.8533932123755474
        ],
        [
            1.1250763972352986,
            2.8419027924016564
        ],
        [
            1.0940275588903579,
            2.830067367199328
        ],
        [
            1.0633441025061838,
            2.8179033045907063
        ],
        [
            1.033044109840608,
            2.8054275755778564
        ],
        [
            1.0031446101087127,
            2.7926577004430695
        ],
        [
            0.9736615980013371,
            2.779611695957835
        ],
        [
            0.944610052570793,
            2.766308023777942
        ],
        [
            0.9160039570603936,
            2.7527655401034155
        ],
        [
            0.8878563197405894,
            2.7390034466828697
        ],
        [
            0.860179195801489,
            2.7250412432422086
        ],
        [
            0.8329837103390627,
            2.7108986814175178
        ],
        [
            0.8062800824606894,
            2.69659572027125
        ],
        [
            0.7800776505246616,
            2.6821524834694785
        ],
        [
            0.7543848985179942,
            2.6675892181960363
        ],
        [
            0.7292094835673387,
            2.6529262558767326
        ],
        [
            0.7045582645690404,
            2.638183974783563
        ],
        [
            0.6804373319163788,
            2.6233827645849117
        ],
        [
            0.6568520382948861,
            2.6085429929032005
        ],
        [
            0.6338070305103254,
