{
    "mechanism_template_name": "FourBarLinkage_TypeA",
    "variation_id": "e1dd6ba792",
    "parameters": {
        "r_O2A": 1.2,
        "r_AB": 3.0,
        "r_O4B": 1.5,
        "O4_x": 3.0,
        "O4_y": 0.5,
        "output_joint_name": "B",
        "input_revolutions": 1,
        "num_steps": 180
    },
    "output_joint_name": "B",
    "path_xy_coordinates": [
        [
            3.5141280971051474,
            1.9091388504214435
        ],
        [
            3.562013924972624,
            1.8907337445166492
        ],
        [
            3.606036097690516,
            1.8721225339950613
        ],
        [
            3.6459388817315928,
            1.8537957604707516
        ],
        [
            3.681543256613109,
            1.8362255757792258
        ],
        [
            3.7127485126144455,
            1.8198445203004596
        ],
        [
            3.739529260441067,
            1.8050273839856945
        ],
        [
            3.7619283856494024,
            1.7920778363328154
        ],
        [
            3.7800469377023065,
            1.7812208142946226
        ],
        [
            3.7940322083562243,
            1.7726008219757006
        ],
        [
            3.8040652889851776,
            1.7662855171916385
        ],
        [
            3.810349226238097,
            1.7622733980938339
        ],
        [
            3.8130985914812143,
            1.7605041374430546
        ],
        [
            3.8125309296594896,
            1.7608701314378308
        ],
        [
            3.808860233327189,
            1.7632280565836989
        ],
        [
            3.802292343338619,
            1.7674095611989005
        ],
        [
            3.79302202539028,
            1.7732305632707877
        ],
        [
            3.7812314011393364,
            1.7804989253689985
        ],
        [
            3.767089404804605,
            1.7890204982995872
        ],
        [
            3.750751966880528,
            1.7986036671119106
        ],
        [
            3.7323626763151703,
            1.80906260749457
        ],
        [
            3.712053727073105,
            1.8202194854497882
        ],
        [
            3.6899470059568005,
            1.831905825864296
        ],
        [
            3.666155221481796,
            1.8439632513177386
        ],
        [
            3.640783007763846,
            1.8562437601556478
        ],
        [
            3.6139279628564926,
            1.8686096800851915
        ],
        [
            3.585681599298877,
            1.8809334032612601
        ],
        [
            3.556130197194235,
            1.8930969829013056
        ],
        [
            3.5253555583705403,
            1.904991650256043
        ],
        [
            3.4934356652683274,
            1.91651729401417
        ],
        [
            3.4604452511020067,
            1.9275819313572287
        ],
        [
            3.4264562892629495,
            1.9381011902324894
        ],
        [
            3.391538410393627,
            1.947997815325169
        ],
        [
            3.355759255418441,
            1.9572012051411414
        ],
        [
            3.3191847723991947,
            1.9656469838091304
        ],
        [
            3.281879464235344,
            1.9732766093717764
        ],
        [
            3.243906593813743,
            1.9800370176359436
        ],
        [
            3.20532835216008,
            1.9858803006555856
        ],
        [
            3.166205994632863,
            1.9907634176566966
        ],
        [
            3.1265999494898042,
            1.9946479360914882
        ],
        [
            3.086569902582214,
            1.9974998003465618
        ],
        [
            3.04617486141535,
            1.9992891256331575
        ],
        [
            3.0054732013584444,
            1.9999900146776701
        ],
        [
            2.9645226963925873,
            1.9995803949744184
        ],
        [
            2.9233805364419485,
            1.9980418745361697
        ],
        [
            2.882103333038023,
            1.9953596142653294
        ],
        [
            2.840747114811501,
            1.99152221525938
        ],
        [
            2.7993673140865756,
            1.9865216195510946
        ],
        [
            2.7580187456628003,
            1.9803530229629593
        ],
        [
            2.716755578705542,
            1.973014798923769
        ],
        [
            2.675631302523607,
            1.9645084322520943
        ],
        [
            2.6346986868881963,
            1.954838462055947
        ],
        [
            2.5940097374383235,
            1.944012433029523
        ],
        [
            2.5536156466257514,
            1.932040854530623
        ],
        [
            2.513566740529379,
            1.9189371670663022
        ],
        [
            2.4739124219077167,
            1.9047177154783879
        ],
        [
            2.434701109578068,
            1.8894017289778346
        ],
        [
            2.3959801743748037,
            1.8730113073993273
        ],
        [
            2.357795871720421,
            1.8555714136889363
        ],
        [
            2.3201932708497823,
            1.837109872443889
        ],
        [
            2.2832161806600517,
            1.8176573744004423
        ],
        [
            2.246907072108183,
            1.7972474867707975
        ],
        [
            2.2113069970294785,
            1.7759166693140132
        ],
        [
            2.176455503206135,
            1.7537042959815456
        ],
        [
            2.1423905454747874,
            1.730652681898867
        ],
        [
            2.1091483926287453,
            1.7068071153227633
        ],
        [
            2.076763529846115,
            1.6822158940400564
        ],
        [
            2.04526855636314,
            1.6569303654358731
        ],
        [
            2.0146940781171123,
            1.6310049691456836
        ],
        [
            1.9850685951114815,
            1.6044972807996327
        ],
        [
            1.9564183833147744,
            1.5774680548546711
        ],
        [
            1.9287673710043727,
            1.5499812638726014
        ],
        [
            1.9021370096175942,
            1.5221041308250318
        ],
        [
            1.87654613938964,
            1.4939071500764722
        ],
        [
            1.8520108503562513,
            1.4654640916088164
        ],
        [
            1.828544339695238,
            1.4368519818082406
        ],
        [
            1.8061567668921423,
            1.4081510527620944
        ],
        [
            1.7848551088561295,
            1.37944465055483
        ],
        [
            1.764643017892824,
            1.3508190915899092
        ],
        [
            1.7455206863618633,
            1.3223634546240453
        ],
        [
            1.7274847228946597,
            1.2941692951589516
        ],
        [
            1.7105280461864174,
            1.2663302683312836
        ],
        [
            1.6946398035416217,
            1.2389416467676664
        ],
        [
            1.679805322443773,
            1.2120997213671494
        ],
        [
            1.6660061042985392,
            1.1859010759898152
        ],
        [
            1.6532198699869038,
            1.1604417318801654
        ],
        [
            1.6414206667557392,
            1.135816164534399
        ],
        [
            1.6305790450560662,
            1.1121162046191109
        ],
        [
            1.6206623120323416,
            1.0894298451424604
        ],
        [
            1.611634865364035,
            1.0678399886555217
        ],
        [
            1.6034586070862966,
            1.0474231796927107
        ],
        [
            1.5960934320648632,
