{
    "mechanism_template_name": "FourBarLinkage_TypeA",
    "variation_id": "ddb76e536c",
    "parameters": {
        "r_O2A": 1.2,
        "r_AB": 2.0,
        "r_O4B": 2.5,
        "O4_x": 2.0,
        "O4_y": 0.5,
        "output_joint_name": "B",
        "input_revolutions": 1,
        "num_steps": 180
    },
    "output_joint_name": "B",
    "path_xy_coordinates": [
        [
            -0.39999999998991687,
            1.200000000013444
        ],
        [
            -0.37777164973557853,
            1.2721411669669926
        ],
        [
            -0.350795046561138,
            1.3507424105368326
        ],
        [
            -0.31829776266770216,
            1.4356791563404254
        ],
        [
            -0.2795167413584707,
            1.5265492807783088
        ],
        [
            -0.2337674934945868,
            1.6226231714190298
        ],
        [
            -0.18053004525478866,
            1.7228199874638819
        ],
        [
            -0.11954126736166559,
            1.8257242609045572
        ],
        [
            -0.05087715520980596,
            1.9296513191119637
        ],
        [
            0.024993967978525156,
            2.032759333189282
        ],
        [
            0.1072030612610344,
            2.1331931143316893
        ],
        [
            0.19452327357111898,
            2.2292350303887014
        ],
        [
            0.28545836947208103,
            2.3194359008183247
        ],
        [
            0.37836027735351463,
            2.402704551404371
        ],
        [
            0.47155423097372673,
            2.4783461605961654
        ],
        [
            0.5634514147916401,
            2.5460518474212206
        ],
        [
            0.6526353035599024,
            2.6058509858930754
        ],
        [
            0.7379159049945974,
            2.6580416439759365
        ],
        [
            0.8183531078167949,
            2.703113846852621
        ],
        [
            0.8932548340382782,
            2.7416768584299454
        ],
        [
            0.9621575324723116,
            2.774397285567329
        ],
        [
            1.0247963700883806,
            2.80195088570699
        ],
        [
            1.08107115604594,
            2.8249881246469313
        ],
        [
            1.1310123182849703,
            2.8441118593248786
        ],
        [
            1.1747496273421698,
            2.859864789014005
        ],
        [
            1.2124850584956368,
            2.8727242184700694
        ],
        [
            1.2444702581003622,
            2.883101930070861
        ],
        [
            1.2709884936747855,
            2.8913473657429054
        ],
        [
            1.2923406434646763,
            2.897752746867052
        ],
        [
            1.3088346395283295,
            2.902559144846343
        ],
        [
            1.320777752205211,
            2.9059628297421822
        ],
        [
            1.3284711430171539,
            2.9081214657659076
        ],
        [
            1.332206182796688,
            2.909159898736271
        ],
        [
            1.332262115613426,
            2.9091754020357734
        ],
        [
            1.3289047223549781,
            2.9082423317279
        ],
        [
            1.322385715680818,
            2.906416190452809
        ],
        [
            1.3129426534504212,
            2.903737132576996
        ],
        [
            1.300799209894709,
            2.900232958503503
        ],
        [
            1.286165683329995,
            2.8959216532065932
        ],
        [
            1.2692396507046517,
            2.8908135251078244
        ],
        [
            1.2502067036401618,
            2.8849129989673568
        ],
        [
            1.229241219235449,
            2.8782201121338624
        ],
        [
            1.2065071329249084,
            2.870731758329103
        ],
        [
            1.1821586913981446,
            2.8624427176045915
        ],
        [
            1.1563411704684692,
            2.8533465064633488
        ],
        [
            1.1291915500363112,
            2.8434360762812387
        ],
        [
            1.1008391403242912,
            2.832704385165222
        ],
        [
            1.0714061581814334,
            2.8211448634399874
        ],
        [
            1.0410082531474745,
            2.8087517903841603
        ],
        [
            1.0097549847625198,
            2.795520596711661
        ],
        [
            0.977750253365834,
            2.7814481049617266
        ],
        [
            0.9450926871564931,
            2.766532717926835
        ],
        [
            0.9118759885706034,
            2.7507745635380187
        ],
        [
            0.8781892431408191,
            2.7341756031941697
        ],
        [
            0.844117193998271,
            2.7167397093242425
        ],
        [
            0.8097404850940955,
            2.698472716972358
        ],
        [
            0.7751358760858245,
            2.6793824533643518
        ],
        [
            0.7403764316733566,
            2.65947874872324
        ],
        [
            0.705531687994427,
            2.6387734310276683
        ],
        [
            0.6706677985104432,
            2.617280306932313
        ],
        [
            0.6358476616369646,
            2.595015130676355
        ],
        [
            0.6011310322035052,
            2.5719955624820248
        ],
        [
            0.5665746186672748,
            2.548241117678735
        ],
        [
            0.5322321678566432,
            2.5237731075701184
        ],
        [
            0.4981545388832125,
            2.498614572883534
        ],
        [
            0.46438976773775775,
            2.4727902104971258
        ],
        [
            0.43098312397022465,
            2.4463262940263166
        ],
        [
            0.39797716073318234,
            2.4192505887764075
        ],
        [
            0.36541175940068094,
            2.3915922614791043
        ],
        [
            0.3333241699025279,
            2.363381785171301
        ],
        [
            0.3017490477825179,
            2.3346508395842607
        ],
        [
            0.270718488949515,
            2.3054322073667928
        ],
        [
            0.2402620630285306,
            2.275759666455869
        ],
        [
            0.21040684614821137,
            2.2456678789189546
        ],
        [
            0.1811774539412434,
            2.2151922766061953
        ],
        [
            0.1525960754764102,
            2.1843689439722787
        ],
        [
            0.12468250878365006,
            2.1532344984566216
        ],
        [
            0.09745419857560678,
            2.121825968845128
        ],
        [
            0.07092627671024543,
            2.090180672075707
        ],
        [
            0.04511160587832608,
            2.0583360889916515
        ],
        [
            0.020020826936423708,
            2.0263297395904556
        ],
        [
            -0.0043375897597663915,
            1.9941990583591065
        ],
        [
            -0.02795728873597314,
            1.9619812703288293
        ],
        [
            -0.05083396927983186,
            1.9297132685209704
        ],
        [
            -0.0729653206821006,
            1.8974314934895555
        ],
        [
            -0.09435095277657779,
            1.8651718156934196
        ],
        [
            -0.11499232179557373,
            1.832969421450005
        ],
        [
            -0.13489265163761566,
            1.8008587032326244
        ],
        [
            -0.1540568507237592,
            1.7688731550717294
        ],
        [
            -0.17249142469719891,
            1.7370452738075841
        ],
        [
            -0.19020438529652717,
