{
    "mechanism_template_name": "FourBarLinkage_TypeA",
    "variation_id": "99b5bc5542",
    "parameters": {
        "r_O2A": 0.8,
        "r_AB": 2.0,
        "r_O4B": 1.5,
        "O4_x": 2.0,
        "O4_y": -0.5,
        "output_joint_name": "B",
        "input_revolutions": 1,
        "num_steps": 180
    },
    "output_joint_name": "B",
    "path_xy_coordinates": [
        [
            2.598156573110246,
            0.8755757754645889
        ],
        [
            2.614407831214658,
            0.8683943207066553
        ],
        [
            2.628487106707275,
            0.8619852997381475
        ],
        [
            2.640431417313355,
            0.856409819972588
        ],
        [
            2.6502882036864768,
            0.8517119708526104
        ],
        [
            2.6581130368842514,
            0.8479195935525965
        ],
        [
            2.6639675264986504,
            0.8450453983993497
        ],
        [
            2.667917473043243,
            0.8430883251371393
        ],
        [
            2.670031285245856,
            0.842035050503631
        ],
        [
            2.670378664725649,
            0.8418615598792806
        ],
        [
            2.669029546001593,
            0.8425347170843418
        ],
        [
            2.6660532711566676,
            0.844013779683483
        ],
        [
            2.661517972306752,
            0.8462518235128285
        ],
        [
            2.655490132816774,
            0.8491970522409743
        ],
        [
            2.648034298015897,
            0.8527939786196891
        ],
        [
            2.6392129076474626,
            0.8569844725302749
        ],
        [
            2.629086224784637,
            0.8617086772769651
        ],
        [
            2.6177123389701693,
            0.8669058000690735
        ],
        [
            2.6051472245436313,
            0.8725147855742312
        ],
        [
            2.5914448382682345,
            0.8784748830713334
        ],
        [
            2.576657243239095,
            0.884726118711862
        ],
        [
            2.5608347487711898,
            0.8912096839140766
        ],
        [
            2.5440260580520064,
            0.8978682513787359
        ],
        [
            2.5262784174441655,
            0.9046462285525445
        ],
        [
            2.507637762780699,
            0.9114899581131419
        ],
        [
            2.488148859334346,
            0.9183478738258131
        ],
        [
            2.4678554331655422,
            0.9251706191587594
        ],
        [
            2.446800292360532,
            0.9319111350927377
        ],
        [
            2.425025437294683,
            0.9385247226615558
        ],
        [
            2.402572159527835,
            0.9449690849388266
        ],
        [
            2.3794811292877176,
            0.9512043524500294
        ],
        [
            2.3557924717491336,
            0.9571930953381685
        ],
        [
            2.3315458324917486,
            0.9629003250429412
        ],
        [
            2.3067804326351995,
            0.9682934877618675
        ],
        [
            2.2815351142210147,
            0.9733424515400982
        ],
        [
            2.255848376447706,
            0.978019488476414
        ],
        [
            2.2297584033774283,
            0.982299253228355
        ],
        [
            2.2033030837267487,
            0.9861587587426343
        ],
        [
            2.176520023335854,
            0.9895773499209887
        ],
        [
            2.1494465508841456,
            0.9925366757505019
        ],
        [
            2.1221197173888005,
            0.995020660275765
        ],
        [
            2.0945762899890155,
            0.9970154726631982
        ],
        [
            2.066852740483984,
            0.9985094965015047
        ],
        [
            2.0389852290586465,
            0.9994932983927781
        ],
        [
            2.0110095835988253,
            0.999959595813517
        ],
        [
            1.9829612749671748,
            0.999903224161238
        ],
        [
            1.954875388584059,
            0.999321102848418
        ],
        [
            1.9267865926337395,
            0.9982122002553507
        ],
        [
            1.898729103196019,
            0.9965774973099586
        ],
        [
            1.8707366465801267,
            0.994419949492024
        ],
        [
            1.8428424191414625,
            0.991744446862411
        ],
        [
            1.8150790448314529,
            0.9885577719043999
        ],
        [
            1.7874785307395553,
            0.984868554806495
        ],
        [
            1.7600722208821273,
            0.980687225834768
        ],
        [
            1.7328907484955045,
            0.9760259644385881
        ],
        [
            1.705963987098663,
            0.9708986447227393
        ],
        [
            1.6793210006025525,
            0.9653207769188313
        ],
        [
            1.652989992758956,
            0.9593094444956157
        ],
        [
            1.6269982562613472,
            0.9528832365620418
        ],
        [
            1.60137212183345,
            0.9460621752399309
        ],
        [
            1.576136907667497,
            0.9388676377159568
        ],
        [
            1.551316869603106,
            0.9313222727263888
        ],
        [
            1.5269351524683503,
            0.9234499112836222
        ],
        [
            1.5030137430361457,
            0.9152754715218357
        ],
        [
            1.4795734250803132,
            0.9068248576205835
        ],
        [
            1.4566337370452773,
            0.8981248528599518
        ],
        [
            1.4342129328697502,
            0.8892030069687922
        ],
        [
            1.412327946526276,
            0.880087518047534
        ],
        [
            1.3909943608532804,
            0.8708071094776395
        ],
        [
            1.3702263812623947,
            0.8613909023686241
        ],
        [
            1.3500368148994597,
            0.8518682842375784
        ],
        [
            1.3304370558209357,
            0.8422687747615589
        ],
        [
            1.3114370767169519,
            0.8326218895854072
        ],
        [
            1.2930454276666976,
            0.8229570033014674
        ],
        [
            1.2752692423506187,
            0.8133032128376776
        ],
        [
            1.2581142520667372,
            0.8036892025908828
        ],
        [
            1.2415848078060052,
            0.794143112717381
        ],
        [
            1.225683910535187,
            0.7846924120373926
        ],
        [
            1.2104132497174924,
            0.7753637770200743
        ],
        [
            1.1957732499738711,
            0.7661829782875031
        ],
        [
            1.181763125655153,
            0.7571747760080232
        ],
        [
            1.1683809429610692,
            0.7483628254412833
        ],
        [
            1.1556236891112361,
            0.7397695937508969
        ],
        [
            1.1434873479498813,
            0.7314162890194448
        ],
        [
            1.1319669812551005,
            0.7233228021898133
        ],
        [
            1.1210568149287885,
            0.7155076624233775
        ],
        [
            1.110750329168683,
            0.7079880061172693
        ],
        [
            1.101040351671918,
            0.7007795595686586
        ],
        [
            1.0919191528918,
            0.6938966350225357
        ],
        [
            1.0833785423669255,
            0.6873521395996642
        ],
        [
            1.0754099651637803,
            0.6811575963811214
        ],
        [
