{
    "mechanism_template_name": "FourBarLinkage_TypeA",
    "variation_id": "530658da5b",
    "parameters": {
        "r_O2A": 1.2,
        "r_AB": 2.0,
        "r_O4B": 1.5,
        "O4_x": 3.0,
        "O4_y": -0.5,
        "output_joint_name": "B",
        "input_revolutions": 1,
        "num_steps": 180
    },
    "output_joint_name": "B",
    "path_xy_coordinates": [
        [
            2.9329164392097185,
            0.9984991811297143
        ],
        [
            2.9553154489263624,
            0.9993342825719596
        ],
        [
            2.9751445389773084,
            0.9997940545480071
        ],
        [
            2.9923494575873866,
            0.9999804896067662
        ],
        [
            3.0068976133130008,
            0.9999841408930625
        ],
        [
            3.0187762064233814,
            0.9998824800871616
        ],
        [
            3.0279900830172393,
            0.9997388290141442
        ],
        [
            3.034559446542342,
            0.9996018287047698
        ],
        [
            3.038517543735693,
            0.9995053846929438
        ],
        [
            3.039908419615771,
            0.9994690120257684
        ],
        [
            3.038784812609854,
            0.9994984956010646
        ],
        [
            3.0352062372452453,
            0.999586783363269
        ],
        [
            3.0292372820162736,
            0.9997150333656784
        ],
        [
            3.020946132427912,
            0.9998537460486953
        ],
        [
            3.0104033160945667,
            0.9999639232375652
        ],
        [
            2.997680657003836,
            0.9999982068816138
        ],
        [
            2.982850419731897,
            0.9999019607616422
        ],
        [
            2.965984620514654,
            0.9996142683898623
        ],
        [
            2.94715448047215,
            0.9990688279948433
        ],
        [
            2.9264299960659965,
            0.9981947318426811
        ],
        [
            2.9038796026474767,
            0.9969171216913842
        ],
        [
            2.8795699082551254,
            0.9951577150930792
        ],
        [
            2.853565476285073,
            0.9928351986285777
        ],
        [
            2.825928636978696,
            0.989865484191803
        ],
        [
            2.7967193086799025,
            0.9861618217905135
        ],
        [
            2.765994809897946,
            0.9816347628866398
        ],
        [
            2.73380964307677,
            0.9761919569897313
        ],
        [
            2.700215228734897,
            0.9697377626357891
        ],
        [
            2.6652595654539604,
            0.9621726442113864
        ],
        [
            2.6289867855174975,
            0.9533923058416306
        ],
        [
            2.591436566743222,
            0.9432864999735445
        ],
        [
            2.5526433470219962,
            0.9317374148345106
        ],
        [
            2.5126352660863476,
            0.9186175017030904
        ],
        [
            2.4714327245405325,
            0.9037865348103737
        ],
        [
            2.4290463949069894,
            0.8870875894598765
        ],
        [
            2.3854744284643257,
            0.8683414493218315
        ],
        [
            2.3406984468742897,
            0.8473386590056156
        ],
        [
            2.294677633609176,
            0.8238279191330808
        ],
        [
            2.247339731614403,
            0.7974985627755149
        ],
        [
            2.1985667541769636,
            0.7679529772453437
        ],
        [
            2.1481711100122567,
            0.734660901707485
        ],
        [
            2.0958530020150663,
            0.6968785260283394
        ],
        [
            2.0411175012963962,
            0.6534922425951455
        ],
        [
            1.9830923555605622,
            0.6026780322241319
        ],
        [
            1.9200476842924754,
            0.5410105647434256
        ],
        [
            1.8476558525211342,
            0.460261925605962
        ],
        [
            1.743778616436182,
            0.31969984474671065
        ],
        [
            1.6590842886739596,
            0.23484087678175392
        ],
        [
            1.6234862727231945,
            0.2424114101530236
        ],
        [
            1.5885593326513632,
            0.24964747428559952
        ],
        [
            1.5543489049563886,
            0.25660254878964517
        ],
        [
            1.5188576742354387,
            0.2593419423330846
        ],
        [
            1.4831810397384393,
            0.25980926748730226
        ],
        [
            1.450726219772164,
            0.2647467027314082
        ],
        [
            1.4174934516834554,
            0.266162663878323
        ],
        [
            1.3588055555900198,
            0.2137858453939009
        ],
        [
            1.3505473282593525,
            0.2615150814607773
        ],
        [
            1.3385569156198827,
            0.30410439852337545
        ],
        [
            1.2875805922671941,
            0.2561475696483557
        ],
        [
            1.260148046702896,
            0.2590539139378053
        ],
        [
            1.2116739122274018,
            0.21129674039584878
        ],
        [
            1.176162236527492,
            0.18992053942098686
        ],
        [
            1.1629085594171604,
            0.21686510279268534
        ],
        [
            1.1520307287100384,
            0.25080321825700547
        ],
        [
            1.1155516897353916,
            0.21679801667862042
        ],
        [
            1.0679227393008452,
            0.1515595591192489
        ],
        [
            1.0169526074938748,
            0.07745869585721998
        ],
        [
            1.0413480815986866,
            0.1870685356436954
        ],
        [
            1.018632361735963,
            0.17612869187127023
        ],
        [
            0.9356834767785388,
            0.0027908210058755767
        ],
        [
            0.9284643696343756,
            0.018970289329039325
        ],
        [
            0.9150675189692933,
            0.01849708576065323
        ],
        [
            0.8697653128302054,
            -0.06733413434527502
        ],
        [
            0.9176483156252295,
            0.10351334139343371
        ],
        [
            0.9037922729684666,
            0.09857016656964213
        ],
        [
            0.8572279218842924,
            -0.023957453861709
        ],
        [
            0.8369845465916679,
            -0.0622431111417604
        ],
        [
            0.8555956693848124,
            0.03133031393816549
        ],
        [
            0.829082234855411,
            -0.04335692726005186
        ],
        [
            0.8100452332165686,
            -0.09415244877167778
        ],
        [
            0.8211164967066875,
            -0.029027164233329295
        ],
        [
            0.7929201325599267,
            -0.13385011996883933
        ],
        [
            0.8115508187741489,
            -0.031651040391472984
        ],
        [
            0.7974391623886898,
            -0.0939622455269335
        ],
        [
            0.8180777648107127,
            0.10044298857087317
        ],
        [
            0.7769430672187934,
            -0.19923444168868662
        ],
        [
            0.7721989332909478,
            -0.23507671934661586
        ],
        [
            0.7838622865368039,
            -0.18221516098711155
        ],
        [
            0.7770381109274562,
            -0.24972504021643543
        ],
        [
            0.7858331762093875,
            -0.21810655193360534
        ],
        [
            0.7900686548749039,
